ticker,timestamp,open,high,low,close,volume,duplicate_group_rows,distinct_variant_count,open_conflict,high_conflict,low_conflict,close_conflict,volume_conflict,diagnostic_variant_rank
AA,2026-04-01 02:07:00+08,65.63,65.64,65.63,65.64,4010.0,2,2,true,true,true,true,true,1
AA,2026-04-01 02:07:00+08,65.66,65.73,65.66,65.73,6316.0,2,2,true,true,true,true,true,2
AAL,2026-04-01 04:15:00+08,10.72,10.72,10.72,10.72,501.0,2,2,false,false,false,false,true,1
AAL,2026-04-01 04:15:00+08,10.72,10.72,10.72,10.72,1982.0,2,2,false,false,false,false,true,2
AAPL,2026-03-31 22:21:00+08,248.71,248.75,248.61,248.705,31785.0,2,2,true,true,true,true,true,1
AAPL,2026-03-31 22:21:00+08,248.74,248.77,248.72,248.75,7428.0,2,2,true,true,true,true,true,2
AAPL,2026-03-31 22:34:00+08,248.48,248.58,248.46,248.54,53025.0,2,2,true,true,true,true,true,1
AAPL,2026-03-31 22:34:00+08,248.62,248.63,248.48,248.48,19837.0,2,2,true,true,true,true,true,2
AAPL,2026-04-01 02:07:00+08,252.98,253.04,252.97,253.02,7907.0,2,2,true,true,true,true,true,1
AAPL,2026-04-01 02:07:00+08,253.04,253.13,252.99,253.11,18836.0,2,2,true,true,true,true,true,2
ABBV,2026-04-01 02:07:00+08,216.85,216.85,216.795,216.795,1349.0,2,2,true,true,true,true,true,1
ABBV,2026-04-01 02:07:00+08,216.88,216.92,216.79,216.82,6285.0,2,2,true,true,true,true,true,2
ABNB,2026-04-01 02:07:00+08,126.23,126.3,126.23,126.3,1644.0,2,2,true,true,true,true,true,1
ABNB,2026-04-01 02:07:00+08,126.31,126.32,126.29,126.29,2101.0,2,2,true,true,true,true,true,2
ABT,2026-04-01 02:07:00+08,102.14,102.155,102.13,102.155,7008.0,2,2,true,true,true,true,true,1
ABT,2026-04-01 02:07:00+08,102.15,102.15,102.09,102.11,9001.0,2,2,true,true,true,true,true,2
ACGL,2026-04-01 02:07:00+08,95.58,95.58,95.58,95.58,752.0,2,2,true,true,true,true,true,1
ACGL,2026-04-01 02:07:00+08,95.6,95.6,95.6,95.6,459.0,2,2,true,true,true,true,true,2
ACN,2026-04-01 02:07:00+08,197.72,197.89,197.705,197.89,7641.0,2,2,true,false,true,true,true,1
ACN,2026-04-01 02:07:00+08,197.85,197.89,197.84,197.84,2646.0,2,2,true,false,true,true,true,2
ADBE,2026-04-01 02:07:00+08,242.13,242.27,242.13,242.27,1663.0,2,2,true,true,true,true,true,1
ADBE,2026-04-01 02:07:00+08,242.24,242.79,242.24,242.79,8443.0,2,2,true,true,true,true,true,2
ADBE,2026-04-01 04:15:00+08,242.74,242.75,242.74,242.75,95.0,2,2,true,false,true,false,true,1
ADBE,2026-04-01 04:15:00+08,242.75,242.75,242.75,242.75,122.0,2,2,true,false,true,false,true,2
ADDYY,2026-03-31 23:38:00+08,78.66,78.66,78.66,78.66,16.0,2,2,true,true,false,false,true,1
ADDYY,2026-03-31 23:38:00+08,78.8,78.8,78.66,78.66,181.0,2,2,true,true,false,false,true,2
ADI,2026-04-01 02:07:00+08,315.96,315.96,315.96,315.96,1067.0,2,2,true,true,true,true,true,1
ADI,2026-04-01 02:07:00+08,316.15,316.16,316.05,316.16,1306.0,2,2,true,true,true,true,true,2
ADP,2026-04-01 02:07:00+08,203.38,203.38,203.38,203.38,520.0,2,2,false,true,false,true,true,1
ADP,2026-04-01 02:07:00+08,203.38,203.46,203.38,203.46,1786.0,2,2,false,true,false,true,true,2
ADSK,2026-04-01 02:07:00+08,238.385,238.385,238.385,238.385,141.0,2,2,true,true,true,true,true,1
ADSK,2026-04-01 02:07:00+08,238.47,238.505,238.47,238.505,443.0,2,2,true,true,true,true,true,2
AJG,2026-04-01 02:07:00+08,215.4,215.53,215.4,215.51,536.0,2,2,true,true,true,true,true,1
AJG,2026-04-01 02:07:00+08,215.53,215.66,215.485,215.58,3885.0,2,2,true,true,true,true,true,2
AKAM,2026-04-01 02:07:00+08,114.38,114.45,114.38,114.45,2613.0,2,2,true,true,true,true,true,1
AKAM,2026-04-01 02:07:00+08,114.425,114.425,114.42,114.42,1634.0,2,2,true,true,true,true,true,2
ALB,2026-04-01 02:07:00+08,181.55,181.55,181.54,181.54,1000.0,2,2,true,true,true,true,true,1
ALB,2026-04-01 02:07:00+08,181.87,181.88,181.87,181.88,1631.0,2,2,true,true,true,true,true,2
ALLY,2026-04-01 02:07:00+08,39.12,39.13,39.12,39.13,1125.0,2,2,true,false,true,false,true,1
ALLY,2026-04-01 02:07:00+08,39.13,39.13,39.115,39.13,4228.0,2,2,true,false,true,false,true,2
AMCR,2026-04-01 02:07:00+08,39.17,39.18,39.17,39.17,2731.0,2,2,true,true,true,true,true,1
AMCR,2026-04-01 02:07:00+08,39.18,39.185,39.155,39.18,7212.0,2,2,true,true,true,true,true,2
AMD,2026-03-31 23:28:00+08,198.33,198.4,198.12,198.37,62965.0,2,2,true,true,true,true,true,1
AMD,2026-03-31 23:28:00+08,198.4,198.42,198.36,198.4,25717.0,2,2,true,true,true,true,true,2
AMD,2026-03-31 23:44:00+08,198.73,198.8,198.64,198.71,29057.0,2,2,true,true,true,true,true,1
AMD,2026-03-31 23:44:00+08,198.75,198.76,198.62,198.67,19116.0,2,2,true,true,true,true,true,2
AMD,2026-04-01 02:07:00+08,201.72,201.86,201.72,201.82,20112.0,2,2,true,true,true,true,true,1
AMD,2026-04-01 02:07:00+08,201.87,202.06,201.82,202.06,37525.0,2,2,true,true,true,true,true,2
AMGN,2026-04-01 02:07:00+08,352.06,352.06,351.91,351.91,1384.0,2,2,true,true,true,true,true,1
AMGN,2026-04-01 02:07:00+08,352.08,352.08,351.86,351.89,2885.0,2,2,true,true,true,true,true,2
AMZN,2026-03-31 23:17:00+08,206.09,206.1,206.06,206.09,6219.0,2,2,true,true,true,true,true,1
AMZN,2026-03-31 23:17:00+08,206.11,206.31,206.02,206.3,61721.0,2,2,true,true,true,true,true,2
AMZN,2026-03-31 23:52:00+08,205.92,205.95,205.89,205.89,6802.0,2,2,true,true,true,true,true,1
AMZN,2026-03-31 23:52:00+08,206.03,206.03,205.895,205.895,24432.0,2,2,true,true,true,true,true,2
AMZN,2026-04-01 02:07:00+08,208.64,208.76,208.64,208.75,21683.0,2,2,true,true,true,true,true,1
AMZN,2026-04-01 02:07:00+08,208.77,208.95,208.7,208.92,40855.0,2,2,true,true,true,true,true,2
AMZN,2026-04-01 03:34:00+08,209.06,209.19,209.02,209.14,63582.0,2,2,true,true,true,true,true,1
AMZN,2026-04-01 03:34:00+08,209.08,209.08,209.04,209.05,607250.0,2,2,true,true,true,true,true,2
ANET,2026-04-01 02:07:00+08,122.175,122.175,122.175,122.175,1224.0,2,2,true,true,true,true,true,1
ANET,2026-04-01 02:07:00+08,122.22,122.31,122.21,122.31,6810.0,2,2,true,true,true,true,true,2
AON,2026-04-01 02:07:00+08,320.73,320.92,320.73,320.92,738.0,2,2,true,true,true,true,true,1
AON,2026-04-01 02:07:00+08,320.74,320.74,320.74,320.74,100.0,2,2,true,true,true,true,true,2
APA,2026-04-01 02:07:00+08,41.76,41.76,41.71,41.75,9581.0,2,2,true,true,true,true,true,1
APA,2026-04-01 02:07:00+08,41.8,41.81,41.79,41.79,5285.0,2,2,true,true,true,true,true,2
APD,2026-04-01 02:07:00+08,289.21,289.3,289.21,289.3,692.0,2,2,true,true,true,true,true,1
APD,2026-04-01 02:07:00+08,289.25,289.28,289.13,289.245,2032.0,2,2,true,true,true,true,true,2
APH,2026-04-01 02:07:00+08,124.46,124.51,124.46,124.46,6367.0,2,2,false,true,true,true,true,1
APH,2026-04-01 02:07:00+08,124.46,124.6,124.45,124.6,7842.0,2,2,false,true,true,true,true,2
APP,2026-04-01 02:07:00+08,392.5,393.11,392.5,393.11,3328.0,2,2,true,true,true,true,true,1
APP,2026-04-01 02:07:00+08,392.66,392.66,392.66,392.66,1301.0,2,2,true,true,true,true,true,2
AR,2026-04-01 02:07:00+08,42.13,42.145,42.1,42.1,5231.0,2,2,true,true,true,true,true,1
AR,2026-04-01 02:07:00+08,42.15,42.15,42.14,42.14,2712.0,2,2,true,true,true,true,true,2
ARKK,2026-04-01 02:05:00+08,67.1,67.16,67.1,67.16,9074.0,2,2,true,false,true,false,true,1
ARKK,2026-04-01 02:05:00+08,67.15,67.16,67.13,67.16,15305.0,2,2,true,false,true,false,true,2
ARM,2026-04-01 04:15:00+08,151.15,151.15,151.15,151.15,1000.0,2,2,true,true,true,true,true,1
ARM,2026-04-01 04:15:00+08,151.3,151.3,151.3,151.3,169.0,2,2,true,true,true,true,true,2
ASTS,2026-04-01 02:07:00+08,82.04,82.04,81.7,81.7,29321.0,2,2,true,true,true,true,true,1
ASTS,2026-04-01 02:07:00+08,82.06,82.06,82.0,82.04,4219.0,2,2,true,true,true,true,true,2
AVGO,2026-04-01 02:07:00+08,307.07,307.24,307.05,307.24,14585.0,2,2,true,true,true,true,true,1
AVGO,2026-04-01 02:07:00+08,307.23,307.51,307.18,307.44,17700.0,2,2,true,true,true,true,true,2
AVGO,2026-04-01 03:12:00+08,309.53,309.66,309.5,309.66,10637.0,2,2,true,true,false,true,true,1
AVGO,2026-04-01 03:12:00+08,309.67,309.67,309.5,309.5,22668.0,2,2,true,true,false,true,true,2
AXON,2026-04-01 02:07:00+08,425.53,425.53,425.53,425.53,150.0,2,2,true,true,true,true,true,1
AXON,2026-04-01 02:07:00+08,425.71,426.18,425.71,426.18,1214.0,2,2,true,true,true,true,true,2
AXP,2026-03-31 23:50:00+08,299.72,299.72,299.72,299.72,1230.0,2,2,false,true,true,true,true,1
AXP,2026-03-31 23:50:00+08,299.72,299.78,299.67,299.67,2389.0,2,2,false,true,true,true,true,2
AXP,2026-04-01 02:07:00+08,302.68,302.84,302.68,302.84,915.0,2,2,true,true,true,true,true,1
AXP,2026-04-01 02:07:00+08,302.92,302.92,302.92,302.92,577.0,2,2,true,true,true,true,true,2
AXP,2026-04-01 03:41:00+08,302.87,302.87,302.75,302.75,3391.0,2,2,true,true,true,true,true,1
AXP,2026-04-01 03:41:00+08,302.94,303.0,302.87,302.87,5600.0,2,2,true,true,true,true,true,2
AXTA,2026-04-01 02:18:00+08,27.64,27.64,27.64,27.64,501.0,2,2,true,true,true,true,true,1
AXTA,2026-04-01 02:18:00+08,27.65,27.68,27.65,27.67,37438.0,2,2,true,true,true,true,true,2
B,2026-04-01 03:45:00+08,40.75,40.76,40.735,40.755,24838.0,2,2,true,false,true,false,true,1
B,2026-04-01 03:45:00+08,40.76,40.76,40.755,40.755,2872.0,2,2,true,false,true,false,true,2
BA,2026-04-01 02:07:00+08,197.71,197.8,197.71,197.8,4384.0,2,2,true,true,true,true,true,1
BA,2026-04-01 02:07:00+08,197.81,197.92,197.81,197.92,7897.0,2,2,true,true,true,true,true,2
BABA,2026-04-01 02:27:00+08,124.5,124.54,124.48,124.54,6203.0,2,2,true,true,true,true,true,1
BABA,2026-04-01 02:27:00+08,124.57,124.6,124.57,124.6,1017.0,2,2,true,true,true,true,true,2
BAC,2026-04-01 02:07:00+08,48.525,48.555,48.525,48.555,16689.0,2,2,true,true,true,true,true,1
BAC,2026-04-01 02:07:00+08,48.555,48.56,48.54,48.56,31669.0,2,2,true,true,true,true,true,2
BE,2026-04-01 02:07:00+08,132.52,132.73,132.52,132.73,4238.0,2,2,true,true,true,true,true,1
BE,2026-04-01 02:07:00+08,132.78,133.0,132.76,132.81,11253.0,2,2,true,true,true,true,true,2
BG,2026-04-01 02:07:00+08,126.39,126.39,126.33,126.33,1025.0,2,2,true,true,true,true,true,1
BG,2026-04-01 02:07:00+08,126.46,126.53,126.41,126.53,5021.0,2,2,true,true,true,true,true,2
BITU,2026-04-01 04:15:00+08,11.75,11.75,11.75,11.75,2018.0,2,2,true,true,true,true,true,1
BITU,2026-04-01 04:15:00+08,11.76,11.76,11.76,11.76,1044.0,2,2,true,true,true,true,true,2
BITX,2026-04-01 04:15:00+08,14.89,14.9,14.89,14.9,1155.0,2,2,true,false,false,true,true,1
BITX,2026-04-01 04:15:00+08,14.9,14.9,14.89,14.89,513.0,2,2,true,false,false,true,true,2
BKR,2026-04-01 02:07:00+08,60.75,60.75,60.71,60.75,5838.0,2,2,true,true,true,true,true,1
BKR,2026-04-01 02:07:00+08,60.77,60.78,60.77,60.78,2386.0,2,2,true,true,true,true,true,2
BLK,2026-04-01 02:07:00+08,958.51,959.17,958.51,959.17,356.0,2,2,true,true,true,true,true,1
BLK,2026-04-01 02:07:00+08,958.815,958.815,958.815,958.815,312.0,2,2,true,true,true,true,true,2
BMY,2026-04-01 02:07:00+08,60.31,60.32,60.295,60.32,8720.0,2,2,true,false,true,false,true,1
BMY,2026-04-01 02:07:00+08,60.32,60.32,60.32,60.32,1714.0,2,2,true,false,true,false,true,2
BND,2026-04-01 01:08:00+08,73.735,73.735,73.735,73.735,753.0,2,2,false,false,false,false,true,1
BND,2026-04-01 01:08:00+08,73.735,73.735,73.735,73.735,2033.0,2,2,false,false,false,false,true,2
BND,2026-04-01 03:40:00+08,73.765,73.77,73.765,73.765,25730.0,2,2,false,false,false,true,true,1
BND,2026-04-01 03:40:00+08,73.765,73.77,73.765,73.77,62389.0,2,2,false,false,false,true,true,2
BRK.B,2026-04-01 02:07:00+08,477.56,477.56,477.47,477.54,2070.0,2,2,true,true,true,true,true,1
BRK.B,2026-04-01 02:07:00+08,477.63,477.63,477.63,477.63,1330.0,2,2,true,true,true,true,true,2
BRKR,2026-04-01 03:02:00+08,35.77,35.77,35.77,35.77,191.0,2,2,true,true,true,true,true,1
BRKR,2026-04-01 03:02:00+08,35.8,35.8,35.79,35.79,1262.0,2,2,true,true,true,true,true,2
BRO,2026-04-01 02:07:00+08,64.76,64.76,64.76,64.76,799.0,2,2,true,true,true,true,true,1
BRO,2026-04-01 02:07:00+08,64.77,64.775,64.74,64.775,2326.0,2,2,true,true,true,true,true,2
BULL,2026-04-01 04:15:00+08,4.82,4.82,4.82,4.82,100.0,2,2,false,false,false,false,true,1
BULL,2026-04-01 04:15:00+08,4.82,4.82,4.82,4.82,451.0,2,2,false,false,false,false,true,2
BURL,2026-04-01 02:07:00+08,324.98,325.0,324.98,325.0,614.0,2,2,true,true,true,true,true,1
BURL,2026-04-01 02:07:00+08,325.15,325.2,325.15,325.17,1695.0,2,2,true,true,true,true,true,2
BWXT,2026-04-01 03:34:00+08,204.63,204.65,204.61,204.62,1747.0,2,2,true,true,true,true,true,1
BWXT,2026-04-01 03:34:00+08,204.65,204.68,204.65,204.68,2934.0,2,2,true,true,true,true,true,2
BX,2026-04-01 02:07:00+08,114.095,114.16,114.07,114.16,17963.0,2,2,true,true,true,true,true,1
BX,2026-04-01 02:07:00+08,114.1,114.11,114.05,114.1,12130.0,2,2,true,true,true,true,true,2
C,2026-04-01 02:07:00+08,112.715,112.74,112.69,112.74,5730.0,2,2,true,true,true,true,true,1
C,2026-04-01 02:07:00+08,112.75,112.8,112.72,112.8,12444.0,2,2,true,true,true,true,true,2
CARR,2026-04-01 02:07:00+08,56.11,56.11,56.11,56.11,685.0,2,2,true,true,true,true,true,1
CARR,2026-04-01 02:07:00+08,56.12,56.15,56.12,56.15,5620.0,2,2,true,true,true,true,true,2
CAT,2026-04-01 02:07:00+08,702.41,702.64,702.41,702.64,1289.0,2,2,false,true,false,true,true,1
CAT,2026-04-01 02:07:00+08,702.41,702.98,702.41,702.98,1444.0,2,2,false,true,false,true,true,2
CCI,2026-04-01 02:07:00+08,80.55,80.55,80.55,80.55,3584.0,2,2,true,true,true,true,true,1
CCI,2026-04-01 02:07:00+08,80.56,80.56,80.56,80.56,465.0,2,2,true,true,true,true,true,2
CCL,2026-04-01 02:07:00+08,25.78,25.795,25.78,25.79,13118.0,2,2,true,true,true,true,true,1
CCL,2026-04-01 02:07:00+08,25.785,25.79,25.77,25.785,19141.0,2,2,true,true,true,true,true,2
CDE,2026-04-01 02:07:00+08,18.37,18.39,18.37,18.39,16995.0,2,2,true,true,true,true,true,1
CDE,2026-04-01 02:07:00+08,18.39,18.42,18.38,18.42,45243.0,2,2,true,true,true,true,true,2
CDNS,2026-04-01 02:07:00+08,276.72,276.72,276.72,276.72,350.0,2,2,true,true,true,true,true,1
CDNS,2026-04-01 02:07:00+08,276.78,276.98,276.78,276.98,1403.0,2,2,true,true,true,true,true,2
CEG,2026-04-01 02:07:00+08,275.0,275.0,274.695,274.87,4421.0,2,2,false,false,true,true,true,1
CEG,2026-04-01 02:07:00+08,275.0,275.0,275.0,275.0,874.0,2,2,false,false,true,true,true,2
CF,2026-04-01 02:07:00+08,129.095,129.095,129.095,129.095,1765.0,2,2,true,true,true,true,true,1
CF,2026-04-01 02:07:00+08,129.235,129.235,129.16,129.16,3098.0,2,2,true,true,true,true,true,2
CFG,2026-04-01 02:07:00+08,59.97,59.99,59.95,59.99,4540.0,2,2,false,false,true,false,true,1
CFG,2026-04-01 02:07:00+08,59.97,59.99,59.97,59.99,5253.0,2,2,false,false,true,false,true,2
CG,2026-04-01 02:07:00+08,48.08,48.1,48.05,48.1,4844.0,2,2,true,true,true,false,true,1
CG,2026-04-01 02:07:00+08,48.135,48.135,48.07,48.1,6665.0,2,2,true,true,true,false,true,2
CGGR,2026-04-01 03:33:00+08,40.16,40.16,40.16,40.16,3951.0,2,2,false,false,false,false,true,1
CGGR,2026-04-01 03:33:00+08,40.16,40.16,40.16,40.16,5476.0,2,2,false,false,false,false,true,2
CHTR,2026-04-01 02:07:00+08,218.78,218.95,218.73,218.83,2210.0,2,2,true,true,true,true,true,1
CHTR,2026-04-01 02:07:00+08,218.825,218.99,218.77,218.88,2318.0,2,2,true,true,true,true,true,2
CI,2026-04-01 02:07:00+08,265.62,265.685,265.62,265.68,1716.0,2,2,true,true,true,true,true,1
CI,2026-04-01 02:07:00+08,265.68,265.68,265.365,265.48,6416.0,2,2,true,true,true,true,true,2
CIEN,2026-04-01 02:07:00+08,378.79,378.8,378.79,378.8,1784.0,2,2,false,true,false,true,true,1
CIEN,2026-04-01 02:07:00+08,378.79,379.27,378.79,379.27,1264.0,2,2,false,true,false,true,true,2
CIFR,2026-04-01 03:58:00+08,12.83,12.835,12.825,12.835,100633.0,2,2,false,false,true,false,true,1
CIFR,2026-04-01 03:58:00+08,12.83,12.835,12.83,12.835,42763.0,2,2,false,false,true,false,true,2
CL,2026-04-01 02:07:00+08,84.43,84.46,84.38,84.46,5675.0,2,2,true,true,true,true,true,1
CL,2026-04-01 02:07:00+08,84.44,84.44,84.44,84.44,2803.0,2,2,true,true,true,true,true,2
CLF,2026-04-01 00:21:00+08,8.185,8.19,8.185,8.19,2372.0,2,2,true,false,false,true,true,1
CLF,2026-04-01 00:21:00+08,8.19,8.19,8.185,8.185,9691.0,2,2,true,false,false,true,true,2
CM,2026-04-01 03:04:00+08,94.14,94.14,94.14,94.14,788.0,2,2,false,true,false,true,true,1
CM,2026-04-01 03:04:00+08,94.14,94.21,94.14,94.21,7578.0,2,2,false,true,false,true,true,2
CMCSA,2026-04-01 02:07:00+08,28.77,28.775,28.77,28.775,10990.0,2,2,true,true,false,true,true,1
CMCSA,2026-04-01 02:07:00+08,28.775,28.785,28.77,28.785,9432.0,2,2,true,true,false,true,true,2
CMCSA,2026-04-01 04:15:00+08,28.69,28.69,28.69,28.69,253.0,2,2,false,false,false,false,true,1
CMCSA,2026-04-01 04:15:00+08,28.69,28.69,28.69,28.69,3275.0,2,2,false,false,false,false,true,2
CME,2026-04-01 02:07:00+08,294.19,294.19,294.01,294.01,4485.0,2,2,true,true,true,true,true,1
CME,2026-04-01 02:07:00+08,294.34,294.34,294.27,294.27,3613.0,2,2,true,true,true,true,true,2
CMG,2026-04-01 02:07:00+08,31.865,31.875,31.865,31.875,4686.0,2,2,true,true,true,true,true,1
CMG,2026-04-01 02:07:00+08,31.87,31.885,31.87,31.885,6838.0,2,2,true,true,true,true,true,2
CMS,2026-04-01 02:07:00+08,77.35,77.35,77.3,77.33,3915.0,2,2,false,true,true,true,true,1
CMS,2026-04-01 02:07:00+08,77.35,77.36,77.35,77.36,3922.0,2,2,false,true,true,true,true,2
CNC,2026-04-01 02:07:00+08,32.37,32.38,32.36,32.37,4697.0,2,2,false,true,false,true,true,1
CNC,2026-04-01 02:07:00+08,32.37,32.39,32.36,32.38,4722.0,2,2,false,true,false,true,true,2
CNH,2026-04-01 02:07:00+08,10.845,10.845,10.845,10.845,6583.0,2,2,false,true,false,true,true,1
CNH,2026-04-01 02:07:00+08,10.845,10.87,10.845,10.865,48107.0,2,2,false,true,false,true,true,2
CNP,2026-04-01 02:07:00+08,42.905,42.905,42.88,42.89,3831.0,2,2,true,true,true,true,true,1
CNP,2026-04-01 02:07:00+08,42.915,42.915,42.915,42.915,994.0,2,2,true,true,true,true,true,2
COF,2026-04-01 02:07:00+08,182.6,182.63,182.6,182.61,1531.0,2,2,true,true,true,true,true,1
COF,2026-04-01 02:07:00+08,182.605,182.69,182.605,182.65,2102.0,2,2,true,true,true,true,true,2
COHR,2026-04-01 02:07:00+08,233.5,233.71,233.5,233.71,4243.0,2,2,true,true,true,true,true,1
COHR,2026-04-01 02:07:00+08,233.63,233.64,233.38,233.49,4678.0,2,2,true,true,true,true,true,2
COIN,2026-04-01 02:07:00+08,172.95,173.13,172.94,173.12,7472.0,2,2,true,true,true,true,true,1
COIN,2026-04-01 02:07:00+08,173.01,173.17,172.95,173.08,17768.0,2,2,true,true,true,true,true,2
COIN,2026-04-01 03:35:00+08,174.615,174.8,174.59,174.7,21142.0,2,2,true,true,true,true,true,1
COIN,2026-04-01 03:35:00+08,174.7,174.75,174.65,174.65,5049.0,2,2,true,true,true,true,true,2
COIN,2026-04-01 04:15:00+08,175.0,175.0,175.0,175.0,102.0,2,2,true,true,false,false,true,1
COIN,2026-04-01 04:15:00+08,175.05,175.05,175.0,175.0,877.0,2,2,true,true,false,false,true,2
COO,2026-04-01 02:07:00+08,71.1,71.1,71.1,71.1,186.0,2,2,true,true,true,true,true,1
COO,2026-04-01 02:07:00+08,71.11,71.12,71.11,71.12,609.0,2,2,true,true,true,true,true,2
COP,2026-04-01 02:07:00+08,130.1,130.1,129.9,129.97,13218.0,2,2,true,true,true,true,true,1
COP,2026-04-01 02:07:00+08,130.16,130.16,130.11,130.11,8387.0,2,2,true,true,true,true,true,2
COR,2026-04-01 02:07:00+08,310.92,311.045,310.81,311.045,5490.0,2,2,true,true,true,true,true,1
COR,2026-04-01 02:07:00+08,310.95,310.95,310.94,310.94,933.0,2,2,true,true,true,true,true,2
COST,2026-04-01 02:07:00+08,993.68,994.01,993.68,994.01,655.0,2,2,true,true,true,true,true,1
COST,2026-04-01 02:07:00+08,994.0,994.2,994.0,994.16,799.0,2,2,true,true,true,true,true,2
CPAY,2026-04-01 02:07:00+08,289.73,289.86,289.73,289.86,1560.0,2,2,true,true,true,true,true,1
CPAY,2026-04-01 02:07:00+08,289.87,290.12,289.87,289.955,5007.0,2,2,true,true,true,true,true,2
CPNG,2026-04-01 02:07:00+08,18.83,18.84,18.83,18.835,13243.0,2,2,true,true,true,true,true,1
CPNG,2026-04-01 02:07:00+08,18.845,18.855,18.84,18.855,96735.0,2,2,true,true,true,true,true,2
CPRT,2026-04-01 02:07:00+08,33.125,33.13,33.125,33.13,2374.0,2,2,true,true,true,true,true,1
CPRT,2026-04-01 02:07:00+08,33.14,33.165,33.14,33.165,3761.0,2,2,true,true,true,true,true,2
CRCL,2026-04-01 04:15:00+08,96.5,96.5,96.5,96.5,498.0,2,2,true,true,true,true,true,1
CRCL,2026-04-01 04:15:00+08,96.6,96.6,96.6,96.6,2065.0,2,2,true,true,true,true,true,2
CRDO,2026-04-01 02:07:00+08,91.55,91.55,91.55,91.55,931.0,2,2,true,true,true,true,true,1
CRDO,2026-04-01 02:07:00+08,91.67,91.76,91.66,91.73,2276.0,2,2,true,true,true,true,true,2
CRH,2026-04-01 02:07:00+08,105.12,105.12,105.12,105.12,3338.0,2,2,true,true,true,true,true,1
CRH,2026-04-01 02:07:00+08,105.16,105.19,105.16,105.18,3834.0,2,2,true,true,true,true,true,2
CRWV,2026-04-01 02:07:00+08,75.84,75.86,75.84,75.86,18872.0,2,2,true,false,true,true,true,1
CRWV,2026-04-01 02:07:00+08,75.85,75.86,75.81,75.82,11180.0,2,2,true,false,true,true,true,2
CSCO,2026-04-01 02:07:00+08,77.03,77.08,77.01,77.08,13906.0,2,2,true,true,true,true,true,1
CSCO,2026-04-01 02:07:00+08,77.07,77.07,77.04,77.04,25257.0,2,2,true,true,true,true,true,2
CSGP,2026-04-01 02:07:00+08,40.345,40.345,40.345,40.345,732.0,2,2,true,true,true,true,true,1
CSGP,2026-04-01 02:07:00+08,40.36,40.39,40.36,40.375,2815.0,2,2,true,true,true,true,true,2
CSX,2026-04-01 02:07:00+08,40.71,40.725,40.71,40.725,3853.0,2,2,true,true,true,true,true,1
CSX,2026-04-01 02:07:00+08,40.725,40.735,40.7,40.735,15022.0,2,2,true,true,true,true,true,2
CTRA,2026-04-01 02:07:00+08,34.72,34.72,34.66,34.69,12784.0,2,2,true,true,true,true,true,1
CTRA,2026-04-01 02:07:00+08,34.74,34.74,34.72,34.73,2947.0,2,2,true,true,true,true,true,2
CTSH,2026-04-01 02:07:00+08,61.26,61.26,61.26,61.26,478.0,2,2,true,true,true,true,true,1
CTSH,2026-04-01 02:07:00+08,61.29,61.3,61.29,61.3,831.0,2,2,true,true,true,true,true,2
CTVA,2026-04-01 02:07:00+08,83.14,83.16,83.13,83.16,3963.0,2,2,true,true,true,true,true,1
CTVA,2026-04-01 02:07:00+08,83.19,83.19,83.18,83.18,2210.0,2,2,true,true,true,true,true,2
CVNA,2026-04-01 02:07:00+08,309.545,310.06,309.545,309.91,6815.0,2,2,true,true,true,true,true,1
CVNA,2026-04-01 02:07:00+08,309.8,309.91,309.6,309.6,2172.0,2,2,true,true,true,true,true,2
CVS,2026-04-01 02:07:00+08,71.82,71.84,71.81,71.84,4214.0,2,2,true,false,true,false,true,1
CVS,2026-04-01 02:07:00+08,71.83,71.84,71.83,71.84,2461.0,2,2,true,false,true,false,true,2
CVX,2026-04-01 01:27:00+08,202.2,203.24,201.96,203.08,219606.0,2,2,true,true,true,true,true,1
CVX,2026-04-01 01:27:00+08,203.09,203.37,202.94,203.2,50319.0,2,2,true,true,true,true,true,2
CVX,2026-04-01 02:07:00+08,204.49,204.49,204.265,204.32,17763.0,2,2,true,true,true,true,true,1
CVX,2026-04-01 02:07:00+08,204.55,204.55,204.47,204.55,7911.0,2,2,true,true,true,true,true,2
D,2026-04-01 02:07:00+08,61.54,61.54,61.5,61.52,2328.0,2,2,true,true,true,true,true,1
D,2026-04-01 02:07:00+08,61.55,61.55,61.54,61.54,991.0,2,2,true,true,true,true,true,2
DAL,2026-04-01 02:07:00+08,66.695,66.71,66.67,66.71,8882.0,2,2,true,true,true,true,true,1
DAL,2026-04-01 02:07:00+08,66.71,66.84,66.7,66.82,17638.0,2,2,true,true,true,true,true,2
DALXF,2026-04-01 01:49:00+08,9.1139,9.1139,9.1139,9.1139,200.0,4,4,true,true,true,true,true,1
DALXF,2026-04-01 01:49:00+08,9.1354,9.1354,9.1139,9.1139,1571.0,4,4,true,true,true,true,true,2
DALXF,2026-04-01 01:49:00+08,9.1354,9.1354,9.1354,9.1354,600.0,4,4,true,true,true,true,true,3
DALXF,2026-04-01 01:49:00+08,9.1354,9.1354,9.1354,9.1354,771.0,4,4,true,true,true,true,true,4
DALXF,2026-04-01 01:50:00+08,9.0984,9.0984,9.0912,9.0912,2000.0,4,4,true,true,true,true,true,1
DALXF,2026-04-01 01:50:00+08,9.1064,9.1064,9.1064,9.1064,100.0,4,4,true,true,true,true,true,2
DALXF,2026-04-01 01:50:00+08,9.1064,9.1101,9.0912,9.1101,9079.0,4,4,true,true,true,true,true,3
DALXF,2026-04-01 01:50:00+08,9.1101,9.1101,9.1101,9.1101,6979.0,4,4,true,true,true,true,true,4
DASH,2026-04-01 02:07:00+08,150.61,150.7,150.61,150.7,959.0,2,2,true,true,true,true,true,1
DASH,2026-04-01 02:07:00+08,150.65,150.76,150.65,150.71,1765.0,2,2,true,true,true,true,true,2
DBEF,2026-04-01 00:46:00+08,49.24,49.24,49.24,49.24,4140.0,2,2,true,true,true,true,true,1
DBEF,2026-04-01 00:46:00+08,49.31,49.31,49.21,49.21,8173.0,2,2,true,true,true,true,true,2
DD,2026-04-01 02:07:00+08,45.74,45.76,45.74,45.76,1454.0,2,2,false,true,true,true,true,1
DD,2026-04-01 02:07:00+08,45.74,45.77,45.735,45.77,2610.0,2,2,false,true,true,true,true,2
DDOG,2026-04-01 02:07:00+08,117.85,117.93,117.8,117.93,4571.0,2,2,true,true,true,true,true,1
DDOG,2026-04-01 02:07:00+08,117.94,118.06,117.94,118.06,3668.0,2,2,true,true,true,true,true,2
DE,2026-04-01 02:07:00+08,559.51,559.685,559.465,559.685,1291.0,2,2,true,true,true,true,true,1
DE,2026-04-01 02:07:00+08,559.68,559.98,559.68,559.98,1180.0,2,2,true,true,true,true,true,2
DELL,2026-04-01 02:07:00+08,159.62,159.9,159.6,159.81,6671.0,2,2,true,true,true,true,true,1
DELL,2026-04-01 02:07:00+08,159.75,159.81,159.68,159.76,5940.0,2,2,true,true,true,true,true,2
DG,2026-04-01 02:07:00+08,117.84,117.84,117.84,117.84,1086.0,2,2,true,true,true,true,true,1
DG,2026-04-01 02:07:00+08,117.9,117.97,117.9,117.97,1516.0,2,2,true,true,true,true,true,2
DGX,2026-04-01 02:07:00+08,194.26,194.35,194.21,194.26,7390.0,2,2,true,true,true,true,true,1
DGX,2026-04-01 02:07:00+08,194.34,194.34,194.32,194.32,1777.0,2,2,true,true,true,true,true,2
DIA,2026-04-01 04:15:00+08,463.47,463.54,463.39,463.54,8464.0,2,2,true,true,true,true,true,1
DIA,2026-04-01 04:15:00+08,463.52,463.52,463.52,463.52,370.0,2,2,true,true,true,true,true,2
DIDIY,2026-04-01 00:06:00+08,3.95,4.1,3.95,4.1,10000.0,2,2,false,true,false,false,true,1
DIDIY,2026-04-01 00:06:00+08,3.95,4.105,3.95,4.1,15401.0,2,2,false,true,false,false,true,2
DIDIY,2026-04-01 00:08:00+08,4.1,4.1,4.1,4.1,700.0,2,2,true,true,true,true,true,1
DIDIY,2026-04-01 00:08:00+08,4.11,4.11,4.11,4.11,100.0,2,2,true,true,true,true,true,2
DIS,2026-03-31 23:21:00+08,94.68,94.69,94.67,94.69,10769.0,2,2,true,true,true,true,true,1
DIS,2026-03-31 23:21:00+08,94.72,94.73,94.7,94.7,7442.0,2,2,true,true,true,true,true,2
DIS,2026-04-01 02:07:00+08,95.88,95.93,95.88,95.93,3521.0,2,2,true,true,true,true,true,1
DIS,2026-04-01 02:07:00+08,95.89,95.9,95.89,95.9,7058.0,2,2,true,true,true,true,true,2
DLTR,2026-04-01 02:07:00+08,108.26,108.4,108.26,108.4,4554.0,2,2,true,true,true,true,true,1
DLTR,2026-04-01 02:07:00+08,108.44,108.52,108.44,108.52,6132.0,2,2,true,true,true,true,true,2
DOC,2026-04-01 02:07:00+08,16.51,16.51,16.47,16.475,32672.0,2,2,true,true,true,true,true,1
DOC,2026-04-01 02:07:00+08,16.545,16.545,16.515,16.52,20730.0,2,2,true,true,true,true,true,2
DOV,2026-04-01 02:07:00+08,207.57,207.57,207.47,207.47,4037.0,2,2,true,true,true,true,true,1
DOV,2026-04-01 02:07:00+08,207.68,207.85,207.68,207.85,979.0,2,2,true,true,true,true,true,2
DOW,2026-04-01 02:07:00+08,41.37,41.4,41.37,41.4,3246.0,2,2,true,true,true,true,true,1
DOW,2026-04-01 02:07:00+08,41.39,41.48,41.39,41.48,38713.0,2,2,true,true,true,true,true,2
DOW,2026-04-01 04:15:00+08,41.6,41.6,41.6,41.6,100.0,2,2,false,false,false,false,true,1
DOW,2026-04-01 04:15:00+08,41.6,41.6,41.6,41.6,778.0,2,2,false,false,false,false,true,2
DRI,2026-04-01 02:07:00+08,195.74,195.75,195.74,195.74,2136.0,2,2,true,true,true,true,true,1
DRI,2026-04-01 02:07:00+08,195.83,195.92,195.83,195.92,2034.0,2,2,true,true,true,true,true,2
DT,2026-04-01 02:07:00+08,37.14,37.14,37.13,37.135,2559.0,2,2,false,true,true,true,true,1
DT,2026-04-01 02:07:00+08,37.14,37.16,37.14,37.15,3575.0,2,2,false,true,true,true,true,2
DUK,2026-04-01 02:07:00+08,130.15,130.15,130.1,130.115,3801.0,2,2,true,true,true,true,true,1
DUK,2026-04-01 02:07:00+08,130.175,130.175,130.175,130.175,1002.0,2,2,true,true,true,true,true,2
DVN,2026-04-01 02:07:00+08,49.71,49.71,49.65,49.68,12104.0,2,2,true,true,true,true,true,1
DVN,2026-04-01 02:07:00+08,49.73,49.73,49.72,49.72,4024.0,2,2,true,true,true,true,true,2
DXCM,2026-04-01 02:07:00+08,63.31,63.33,63.31,63.33,3953.0,2,2,true,true,true,true,true,1
DXCM,2026-04-01 02:07:00+08,63.36,63.4,63.36,63.4,1754.0,2,2,true,true,true,true,true,2
EA,2026-04-01 02:07:00+08,203.29,203.3,203.29,203.3,1285.0,2,2,true,false,true,false,true,1
EA,2026-04-01 02:07:00+08,203.3,203.3,203.3,203.3,1914.0,2,2,true,false,true,false,true,2
EADSY,2026-03-31 22:59:00+08,46.25,46.25,46.14,46.14,110296.0,2,2,false,false,true,true,true,1
EADSY,2026-03-31 22:59:00+08,46.25,46.25,46.15,46.15,219804.0,2,2,false,false,true,true,true,2
EBAY,2026-04-01 02:07:00+08,90.92,90.92,90.89,90.9,2451.0,2,2,true,true,false,true,true,1
EBAY,2026-04-01 02:07:00+08,90.96,90.985,90.89,90.89,3236.0,2,2,true,true,false,true,true,2
ECL,2026-04-01 02:07:00+08,264.16,264.22,264.06,264.22,1981.0,2,2,true,true,true,true,true,1
ECL,2026-04-01 02:07:00+08,264.17,264.2,264.17,264.2,853.0,2,2,true,true,true,true,true,2
EEM,2026-04-01 02:42:00+08,56.22,56.225,56.205,56.22,15168.0,2,2,true,true,true,false,true,1
EEM,2026-04-01 02:42:00+08,56.23,56.23,56.215,56.22,10483.0,2,2,true,true,true,false,true,2
EFA,2026-04-01 03:12:00+08,96.545,96.57,96.53,96.57,24626.0,2,2,true,true,true,true,true,1
EFA,2026-04-01 03:12:00+08,96.56,96.56,96.55,96.55,17152.0,2,2,true,true,true,true,true,2
EFA,2026-04-01 04:15:00+08,97.15,97.26,97.15,97.26,26347.0,2,2,true,true,true,true,true,1
EFA,2026-04-01 04:15:00+08,97.27,97.29,97.25,97.25,19207.0,2,2,true,true,true,true,true,2
EFV,2026-04-01 02:07:00+08,73.9,73.9,73.895,73.9,1568.0,2,2,false,true,true,true,true,1
EFV,2026-04-01 02:07:00+08,73.9,73.93,73.9,73.92,15502.0,2,2,false,true,true,true,true,2
EIX,2026-04-01 02:07:00+08,72.42,72.42,72.39,72.42,3278.0,2,2,true,true,true,true,true,1
EIX,2026-04-01 02:07:00+08,72.45,72.45,72.45,72.45,608.0,2,2,true,true,true,true,true,2
EL,2026-04-01 02:07:00+08,70.84,70.84,70.8,70.8,5249.0,2,2,true,true,true,true,true,1
EL,2026-04-01 02:07:00+08,70.88,70.88,70.76,70.78,5423.0,2,2,true,true,true,true,true,2
EMR,2026-04-01 02:07:00+08,129.82,129.9,129.8,129.86,5154.0,2,2,true,true,true,true,true,1
EMR,2026-04-01 02:07:00+08,129.87,129.88,129.84,129.84,1092.0,2,2,true,true,true,true,true,2
EOG,2026-04-01 02:07:00+08,143.67,143.67,143.39,143.41,5501.0,2,2,true,true,true,true,true,1
EOG,2026-04-01 02:07:00+08,143.76,143.76,143.69,143.69,2924.0,2,2,true,true,true,true,true,2
EQH,2026-04-01 02:07:00+08,36.86,36.86,36.855,36.855,1551.0,2,2,true,true,true,true,true,1
EQH,2026-04-01 02:07:00+08,36.87,36.9,36.87,36.9,3933.0,2,2,true,true,true,true,true,2
EQR,2026-04-01 02:07:00+08,59.01,59.01,58.97,58.99,6257.0,2,2,true,true,true,true,true,1
EQR,2026-04-01 02:07:00+08,59.02,59.02,59.01,59.01,1419.0,2,2,true,true,true,true,true,2
EQT,2026-04-01 02:07:00+08,62.92,62.92,62.81,62.84,11643.0,2,2,true,true,true,true,true,1
EQT,2026-04-01 02:07:00+08,62.94,62.95,62.93,62.93,4776.0,2,2,true,true,true,true,true,2
ETN,2026-04-01 02:07:00+08,354.99,355.09,354.99,355.06,1148.0,2,2,true,true,true,true,true,1
ETN,2026-04-01 02:07:00+08,355.08,355.5,355.08,355.5,951.0,2,2,true,true,true,true,true,2
EW,2026-04-01 02:07:00+08,79.62,79.67,79.615,79.67,4202.0,2,2,true,true,true,true,true,1
EW,2026-04-01 02:07:00+08,79.65,79.65,79.645,79.645,899.0,2,2,true,true,true,true,true,2
EWY,2026-04-01 04:15:00+08,123.06,123.08,123.06,123.08,1509.0,2,2,true,true,true,true,true,1
EWY,2026-04-01 04:15:00+08,123.08,123.13,123.08,123.13,753.0,2,2,true,true,true,true,true,2
EXC,2026-04-01 02:07:00+08,48.56,48.56,48.535,48.54,4201.0,2,2,true,true,true,true,true,1
EXC,2026-04-01 02:07:00+08,48.565,48.575,48.56,48.56,3405.0,2,2,true,true,true,true,true,2
EXE,2026-04-01 02:07:00+08,109.02,109.02,108.85,108.88,6943.0,2,2,false,true,true,true,true,1
EXE,2026-04-01 02:07:00+08,109.02,109.11,109.02,109.09,6677.0,2,2,false,true,true,true,true,2
EXPE,2026-04-01 02:07:00+08,229.79,229.95,229.79,229.91,2005.0,2,2,true,true,true,true,true,1
EXPE,2026-04-01 02:07:00+08,229.865,230.07,229.865,230.0,2450.0,2,2,true,true,true,true,true,2
F,2026-04-01 02:07:00+08,11.505,11.515,11.505,11.515,28106.0,2,2,true,true,false,true,true,1
F,2026-04-01 02:07:00+08,11.51,11.51,11.505,11.505,6010.0,2,2,true,true,false,true,true,2
FANG,2026-04-01 02:07:00+08,196.535,196.535,196.39,196.39,2032.0,2,2,true,true,true,true,true,1
FANG,2026-04-01 02:07:00+08,196.56,196.56,196.56,196.56,2170.0,2,2,true,true,true,true,true,2
FAST,2026-04-01 02:07:00+08,46.155,46.17,46.155,46.17,3457.0,2,2,true,true,false,true,true,1
FAST,2026-04-01 02:07:00+08,46.16,46.21,46.155,46.21,9324.0,2,2,true,true,false,true,true,2
FCX,2026-04-01 02:07:00+08,58.22,58.25,58.22,58.24,2660.0,2,2,true,true,true,true,true,1
FCX,2026-04-01 02:07:00+08,58.24,58.27,58.23,58.27,5266.0,2,2,true,true,true,true,true,2
FE,2026-04-01 02:07:00+08,50.37,50.37,50.35,50.35,1807.0,2,2,true,true,true,true,true,1
FE,2026-04-01 02:07:00+08,50.38,50.38,50.38,50.38,637.0,2,2,true,true,true,true,true,2
FERG,2026-04-01 02:07:00+08,232.82,232.82,232.82,232.82,223.0,2,2,true,true,true,true,true,1
FERG,2026-04-01 02:07:00+08,232.94,232.94,232.94,232.94,315.0,2,2,true,true,true,true,true,2
FIS,2026-04-01 02:07:00+08,47.04,47.04,47.035,47.04,1612.0,2,2,true,true,true,true,true,1
FIS,2026-04-01 02:07:00+08,47.05,47.06,47.03,47.06,5160.0,2,2,true,true,true,true,true,2
FISV,2026-04-01 02:07:00+08,55.5,55.5,55.5,55.5,2152.0,2,2,true,true,true,true,true,1
FISV,2026-04-01 02:07:00+08,55.52,55.55,55.51,55.55,4686.0,2,2,true,true,true,true,true,2
FITB,2026-04-01 02:07:00+08,46.23,46.255,46.21,46.255,17220.0,2,2,true,true,true,true,true,1
FITB,2026-04-01 02:07:00+08,46.235,46.245,46.23,46.23,13575.0,2,2,true,true,true,true,true,2
FLEX,2026-04-01 02:07:00+08,63.82,63.82,63.8,63.82,1071.0,2,2,false,true,false,true,true,1
FLEX,2026-04-01 02:07:00+08,63.82,63.87,63.8,63.87,2742.0,2,2,false,true,false,true,true,2
FNDE,2026-04-01 02:07:00+08,37.98,37.98,37.98,37.98,614.0,2,2,true,true,true,true,true,1
FNDE,2026-04-01 02:07:00+08,37.99,37.99,37.99,37.99,1210.0,2,2,true,true,true,true,true,2
FNF,2026-04-01 02:07:00+08,46.14,46.14,46.14,46.14,870.0,2,2,true,true,true,true,true,1
FNF,2026-04-01 02:07:00+08,46.15,46.16,46.15,46.16,988.0,2,2,true,true,true,true,true,2
FNGD,2026-04-01 04:15:00+08,73.9,73.9,73.9,73.9,931.0,2,2,true,true,false,false,true,1
FNGD,2026-04-01 04:15:00+08,73.91,73.91,73.9,73.9,1395.0,2,2,true,true,false,false,true,2
FOX,2026-04-01 02:07:00+08,53.41,53.45,53.41,53.45,2353.0,2,2,true,true,true,true,true,1
FOX,2026-04-01 02:07:00+08,53.43,53.44,53.43,53.44,2251.0,2,2,true,true,true,true,true,2
FTCO,2026-03-31 22:24:00+08,5.03,5.03,5.03,5.03,100.0,2,2,false,true,false,true,true,1
FTCO,2026-03-31 22:24:00+08,5.03,5.16,5.03,5.16,2100.0,2,2,false,true,false,true,true,2
FTI,2026-04-01 02:07:00+08,69.43,69.46,69.43,69.44,2155.0,2,2,true,true,true,true,true,1
FTI,2026-04-01 02:07:00+08,69.44,69.445,69.44,69.445,1296.0,2,2,true,true,true,true,true,2
FTNT,2026-04-01 02:07:00+08,81.25,81.25,81.25,81.25,1064.0,2,2,true,true,true,true,true,1
FTNT,2026-04-01 02:07:00+08,81.29,81.33,81.29,81.33,1399.0,2,2,true,true,true,true,true,2
GAP,2026-04-01 02:52:00+08,24.245,24.25,24.245,24.245,3135.0,2,2,false,false,false,true,true,1
GAP,2026-04-01 02:52:00+08,24.245,24.25,24.245,24.25,1811.0,2,2,false,false,false,true,true,2
GCTS,2026-04-01 00:41:00+08,1.12,1.125,1.12,1.12,18370.0,2,2,true,true,false,true,true,1
GCTS,2026-04-01 00:41:00+08,1.125,1.13,1.12,1.125,36860.0,2,2,true,true,false,true,true,2
GE,2026-04-01 02:07:00+08,284.385,284.49,284.385,284.425,1605.0,2,2,true,true,true,true,true,1
GE,2026-04-01 02:07:00+08,284.4,284.41,284.4,284.41,3605.0,2,2,true,true,true,true,true,2
GEHC,2026-04-01 02:07:00+08,70.76,70.76,70.76,70.76,683.0,2,2,true,true,true,true,true,1
GEHC,2026-04-01 02:07:00+08,70.78,70.8,70.77,70.8,3089.0,2,2,true,true,true,true,true,2
GEV,2026-04-01 02:07:00+08,862.52,863.0,862.52,863.0,1157.0,2,2,true,true,true,true,true,1
GEV,2026-04-01 02:07:00+08,862.64,862.68,862.63,862.68,1426.0,2,2,true,true,true,true,true,2
GILD,2026-04-01 02:07:00+08,138.15,138.17,138.15,138.17,1027.0,2,2,false,true,true,true,true,1
GILD,2026-04-01 02:07:00+08,138.15,138.175,138.14,138.14,4133.0,2,2,false,true,true,true,true,2
GIS,2026-04-01 02:07:00+08,36.95,36.98,36.945,36.98,11543.0,2,2,true,true,false,true,true,1
GIS,2026-04-01 02:07:00+08,36.955,36.96,36.945,36.95,6456.0,2,2,true,true,false,true,true,2
GLPI,2026-04-01 02:07:00+08,44.29,44.29,44.28,44.285,3475.0,2,2,true,true,true,true,true,1
GLPI,2026-04-01 02:07:00+08,44.31,44.31,44.29,44.3,1997.0,2,2,true,true,true,true,true,2
GLW,2026-04-01 02:07:00+08,134.59,134.75,134.59,134.75,3821.0,2,2,true,true,true,true,true,1
GLW,2026-04-01 02:07:00+08,134.73,134.8,134.67,134.8,6500.0,2,2,true,true,true,true,true,2
GM,2026-04-01 02:07:00+08,74.22,74.27,74.21,74.27,5413.0,2,2,true,true,true,true,true,1
GM,2026-04-01 02:07:00+08,74.24,74.25,74.24,74.24,4102.0,2,2,true,true,true,true,true,2
GME,2026-03-31 23:30:00+08,22.7,22.72,22.7,22.71,4836.0,2,2,true,true,true,false,true,1
GME,2026-03-31 23:30:00+08,22.71,22.71,22.71,22.71,257.0,2,2,true,true,true,false,true,2
GME,2026-03-31 23:38:00+08,22.695,22.695,22.695,22.695,1190.0,2,2,true,true,true,true,true,1
GME,2026-03-31 23:38:00+08,22.7,22.7,22.7,22.7,4830.0,2,2,true,true,true,true,true,2
GOOG,2026-04-01 02:07:00+08,285.94,286.07,285.94,286.05,9978.0,2,2,true,true,true,true,true,1
GOOG,2026-04-01 02:07:00+08,286.06,286.16,286.0,286.14,14180.0,2,2,true,true,true,true,true,2
GOOGL,2026-03-31 23:21:00+08,281.89,281.96,281.86,281.91,16267.0,2,2,true,true,false,true,true,1
GOOGL,2026-03-31 23:21:00+08,281.9,281.98,281.86,281.86,19263.0,2,2,true,true,false,true,true,2
GOOGL,2026-03-31 23:59:00+08,281.1,281.14,281.08,281.08,9912.0,2,2,true,true,true,true,true,1
GOOGL,2026-03-31 23:59:00+08,281.105,281.24,281.105,281.11,13571.0,2,2,true,true,true,true,true,2
GOOGL,2026-04-01 00:20:00+08,281.94,282.09,281.94,282.05,9070.0,2,2,true,true,true,true,true,1
GOOGL,2026-04-01 00:20:00+08,282.03,282.22,282.03,282.17,28673.0,2,2,true,true,true,true,true,2
GOOGL,2026-04-01 02:07:00+08,287.1,287.21,287.09,287.2,9979.0,2,2,true,true,true,true,true,1
GOOGL,2026-04-01 02:07:00+08,287.21,287.33,287.16,287.3,19113.0,2,2,true,true,true,true,true,2
GOOGL,2026-04-01 04:15:00+08,287.8,287.8,287.8,287.8,118.0,2,2,true,true,true,true,true,1
GOOGL,2026-04-01 04:15:00+08,287.85,288.0,287.85,288.0,1810.0,2,2,true,true,true,true,true,2
GOVT,2026-04-01 04:33:00+08,22.91,22.91,22.91,22.91,495.0,2,2,false,false,false,false,true,1
GOVT,2026-04-01 04:33:00+08,22.91,22.91,22.91,22.91,17773.0,2,2,false,false,false,false,true,2
GPN,2026-04-01 02:07:00+08,66.835,66.88,66.835,66.88,2322.0,2,2,true,true,true,true,true,1
GPN,2026-04-01 02:07:00+08,66.86,66.86,66.86,66.86,1444.0,2,2,true,true,true,true,true,2
GS,2026-04-01 02:07:00+08,842.26,843.5,842.26,843.24,2713.0,2,2,true,true,true,true,true,1
GS,2026-04-01 02:07:00+08,842.38,842.5,842.15,842.5,1569.0,2,2,true,true,true,true,true,2
GSCCF,2026-03-31 21:30:00+08,0.0933,0.108,0.0933,0.108,151111.0,2,2,true,false,true,false,true,1
GSCCF,2026-03-31 21:30:00+08,0.108,0.108,0.108,0.108,150000.0,2,2,true,false,true,false,true,2
GTAO,2026-03-31 21:51:00+08,8.54,8.7,8.54,8.7,2100.0,2,2,true,false,true,true,true,1
GTAO,2026-03-31 21:51:00+08,8.7,8.7,8.3,8.3,4000.0,2,2,true,false,true,true,true,2
HAL,2026-04-01 02:07:00+08,39.12,39.12,39.1,39.12,11247.0,2,2,true,true,true,true,true,1
HAL,2026-04-01 02:07:00+08,39.15,39.15,39.13,39.13,7490.0,2,2,true,true,true,true,true,2
HBAN,2026-04-01 02:07:00+08,15.595,15.6,15.595,15.595,2370.0,2,2,false,true,true,true,true,1
HBAN,2026-04-01 02:07:00+08,15.595,15.61,15.59,15.61,216033.0,2,2,false,true,true,true,true,2
HCA,2026-04-01 02:07:00+08,467.19,467.45,467.19,467.45,3428.0,2,2,true,true,true,true,true,1
HCA,2026-04-01 02:07:00+08,467.36,467.47,467.36,467.47,334.0,2,2,true,true,true,true,true,2
HEI,2026-04-01 02:07:00+08,273.53,273.53,273.53,273.53,129.0,2,2,true,true,true,true,true,1
HEI,2026-04-01 02:07:00+08,273.62,273.62,273.62,273.62,300.0,2,2,true,true,true,true,true,2
HOOD,2026-04-01 02:07:00+08,68.23,68.28,68.23,68.26,12578.0,2,2,true,false,true,true,true,1
HOOD,2026-04-01 02:07:00+08,68.265,68.28,68.21,68.24,65303.0,2,2,true,false,true,true,true,2
HPE,2026-04-01 02:07:00+08,23.525,23.525,23.525,23.525,7761.0,2,2,false,true,false,true,true,1
HPE,2026-04-01 02:07:00+08,23.525,23.545,23.525,23.545,13246.0,2,2,false,true,false,true,true,2
HPQ,2026-04-01 02:07:00+08,19.175,19.18,19.175,19.175,7122.0,2,2,false,true,true,true,true,1
HPQ,2026-04-01 02:07:00+08,19.175,19.185,19.17,19.185,15251.0,2,2,false,true,true,true,true,2
HST,2026-04-01 02:07:00+08,19.125,19.13,19.125,19.13,5603.0,2,2,true,false,true,false,true,1
HST,2026-04-01 02:07:00+08,19.13,19.13,19.13,19.13,1595.0,2,2,true,false,true,false,true,2
HUBB,2026-04-01 02:07:00+08,488.34,488.54,488.34,488.54,778.0,2,2,true,true,true,true,true,1
HUBB,2026-04-01 02:07:00+08,488.67,488.92,488.67,488.92,766.0,2,2,true,true,true,true,true,2
HUM,2026-04-01 02:07:00+08,172.37,172.37,172.18,172.21,3047.0,2,2,true,true,true,true,true,1
HUM,2026-04-01 02:07:00+08,172.43,172.43,172.43,172.43,218.0,2,2,true,true,true,true,true,2
HWM,2026-04-01 02:07:00+08,230.34,230.44,230.27,230.44,4256.0,2,2,true,true,true,true,true,1
HWM,2026-04-01 02:07:00+08,230.61,230.63,230.59,230.63,2272.0,2,2,true,true,true,true,true,2
IBKR,2026-04-01 02:07:00+08,66.49,66.54,66.49,66.54,3865.0,2,2,true,true,true,true,true,1
IBKR,2026-04-01 02:07:00+08,66.53,66.56,66.51,66.56,4049.0,2,2,true,true,true,true,true,2
IBM,2026-04-01 02:07:00+08,240.67,240.73,240.67,240.68,2810.0,2,2,true,true,true,true,true,1
IBM,2026-04-01 02:07:00+08,240.685,240.9,240.685,240.84,4352.0,2,2,true,true,true,true,true,2
ICE,2026-04-01 02:07:00+08,156.61,156.66,156.61,156.66,2202.0,2,2,true,true,true,true,true,1
ICE,2026-04-01 02:07:00+08,156.67,156.67,156.67,156.67,1028.0,2,2,true,true,true,true,true,2
IDXX,2026-04-01 02:07:00+08,561.06,562.0,561.06,561.49,1818.0,2,2,true,true,true,true,true,1
IDXX,2026-04-01 02:07:00+08,561.11,561.11,561.11,561.11,1259.0,2,2,true,true,true,true,true,2
INSM,2026-04-01 02:07:00+08,163.52,163.59,163.52,163.59,2369.0,2,2,true,true,true,true,true,1
INSM,2026-04-01 02:07:00+08,163.525,163.525,163.23,163.24,2612.0,2,2,true,true,true,true,true,2
INTC,2026-04-01 02:07:00+08,43.69,43.725,43.685,43.715,48844.0,2,2,true,true,true,true,true,1
INTC,2026-04-01 02:07:00+08,43.71,43.745,43.695,43.73,77982.0,2,2,true,true,true,true,true,2
INTU,2026-04-01 02:07:00+08,431.16,431.32,431.06,431.32,1321.0,2,2,true,true,true,true,true,1
INTU,2026-04-01 02:07:00+08,431.27,431.39,431.14,431.36,6000.0,2,2,true,true,true,true,true,2
INVH,2026-04-01 02:07:00+08,24.765,24.765,24.75,24.755,22180.0,2,2,true,true,true,true,true,1
INVH,2026-04-01 02:07:00+08,24.785,24.785,24.765,24.765,5364.0,2,2,true,true,true,true,true,2
IP,2026-04-01 02:07:00+08,35.48,35.48,35.48,35.48,306.0,2,2,false,true,false,true,true,1
IP,2026-04-01 02:07:00+08,35.48,35.51,35.48,35.51,3094.0,2,2,false,true,false,true,true,2
IQLT,2026-04-01 02:07:00+08,45.855,45.86,45.855,45.86,633.0,2,2,true,true,true,true,true,1
IQLT,2026-04-01 02:07:00+08,45.86,45.88,45.86,45.88,4559.0,2,2,true,true,true,true,true,2
ISRG,2026-04-01 02:07:00+08,460.27,460.27,460.27,460.27,217.0,2,2,true,true,true,true,true,1
ISRG,2026-04-01 02:07:00+08,460.42,460.42,460.42,460.42,374.0,2,2,true,true,true,true,true,2
ITT,2026-04-01 02:07:00+08,189.23,189.23,189.23,189.23,821.0,2,2,true,true,true,true,true,1
ITT,2026-04-01 02:07:00+08,189.31,189.31,189.31,189.31,1041.0,2,2,true,true,true,true,true,2
ITW,2026-04-01 02:07:00+08,258.405,258.405,258.405,258.405,239.0,2,2,true,true,true,true,true,1
ITW,2026-04-01 02:07:00+08,258.54,258.62,258.54,258.55,1149.0,2,2,true,true,true,true,true,2
IWM,2026-04-01 04:15:00+08,247.93,247.94,247.91,247.94,2833.0,2,2,true,true,true,true,true,1
IWM,2026-04-01 04:15:00+08,248.1,248.17,248.1,248.13,5280.0,2,2,true,true,true,true,true,2
IYF,2026-04-01 03:46:00+08,117.79,117.86,117.78,117.86,2419.0,2,2,true,true,true,true,true,1
IYF,2026-04-01 03:46:00+08,117.8,117.8,117.8,117.8,106.0,2,2,true,true,true,true,true,2
JCI,2026-04-01 02:07:00+08,129.99,130.09,129.99,130.09,5835.0,2,2,true,true,true,true,true,1
JCI,2026-04-01 02:07:00+08,130.11,130.18,130.11,130.18,4699.0,2,2,true,true,true,true,true,2
JPM,2026-04-01 02:07:00+08,294.09,294.16,294.08,294.16,2908.0,2,2,true,true,true,true,true,1
JPM,2026-04-01 02:07:00+08,294.14,294.25,294.06,294.25,6159.0,2,2,true,true,true,true,true,2
KDP,2026-04-01 02:07:00+08,26.105,26.105,26.095,26.1,3959.0,2,2,true,true,true,true,true,1
KDP,2026-04-01 02:07:00+08,26.11,26.11,26.11,26.11,4393.0,2,2,true,true,true,true,true,2
KEY,2026-04-01 02:07:00+08,20.09,20.1,20.09,20.1,20410.0,2,2,true,false,true,true,true,1
KEY,2026-04-01 02:07:00+08,20.095,20.1,20.08,20.09,19955.0,2,2,true,false,true,true,true,2
KHC,2026-04-01 02:07:00+08,22.37,22.37,22.365,22.37,7512.0,2,2,false,false,true,false,true,1
KHC,2026-04-01 02:07:00+08,22.37,22.37,22.37,22.37,3064.0,2,2,false,false,true,false,true,2
KIM,2026-04-01 02:07:00+08,22.475,22.475,22.46,22.47,8691.0,2,2,true,true,true,true,true,1
KIM,2026-04-01 02:07:00+08,22.485,22.485,22.475,22.48,5789.0,2,2,true,true,true,true,true,2
KKR,2026-04-01 02:07:00+08,92.54,92.57,92.54,92.57,1072.0,2,2,true,true,true,true,true,1
KKR,2026-04-01 02:07:00+08,92.59,92.61,92.59,92.61,2587.0,2,2,true,true,true,true,true,2
KLAC,2026-04-01 02:07:00+08,1454.78,1455.0,1454.78,1455.0,653.0,2,2,true,true,true,true,true,1
KLAC,2026-04-01 02:07:00+08,1455.41,1455.67,1454.49,1455.67,611.0,2,2,true,true,true,true,true,2
KMB,2026-04-01 02:07:00+08,95.72,95.75,95.7,95.73,5593.0,2,2,true,false,true,true,true,1
KMB,2026-04-01 02:07:00+08,95.75,95.75,95.75,95.75,1121.0,2,2,true,false,true,true,true,2
KMI,2026-04-01 02:07:00+08,33.21,33.21,33.185,33.2,8291.0,2,2,true,true,true,true,true,1
KMI,2026-04-01 02:07:00+08,33.22,33.225,33.21,33.21,6942.0,2,2,true,true,true,true,true,2
KMTUY,2026-04-01 02:05:00+08,39.0,39.0,39.0,39.0,65000.0,2,2,false,false,false,false,true,1
KMTUY,2026-04-01 02:05:00+08,39.0,39.0,39.0,39.0,65016.0,2,2,false,false,false,false,true,2
KO,2026-04-01 02:07:00+08,76.07,76.09,76.045,76.09,7760.0,2,2,true,false,true,true,true,1
KO,2026-04-01 02:07:00+08,76.08,76.09,76.08,76.08,6852.0,2,2,true,false,true,true,true,2
KVUE,2026-04-01 02:07:00+08,17.155,17.155,17.155,17.155,1450.0,2,2,false,true,true,true,true,1
KVUE,2026-04-01 02:07:00+08,17.155,17.16,17.15,17.16,33757.0,2,2,false,true,true,true,true,2
LAMR,2026-04-01 02:07:00+08,125.83,125.83,125.83,125.83,2185.0,2,2,true,true,false,false,true,1
LAMR,2026-04-01 02:07:00+08,125.91,125.91,125.83,125.83,889.0,2,2,true,true,false,false,true,2
LEN,2026-04-01 02:07:00+08,86.415,86.415,86.415,86.415,829.0,2,2,true,true,true,true,true,1
LEN,2026-04-01 02:07:00+08,86.445,86.61,86.445,86.45,13400.0,2,2,true,true,true,true,true,2
LITE,2026-04-01 02:07:00+08,684.74,685.32,684.74,685.14,2667.0,2,2,true,true,true,true,true,1
LITE,2026-04-01 02:07:00+08,685.39,685.99,685.39,685.47,2934.0,2,2,true,true,true,true,true,2
LLY,2026-04-01 02:07:00+08,917.39,917.73,917.285,917.65,5789.0,2,2,true,true,true,true,true,1
LLY,2026-04-01 02:07:00+08,917.95,918.04,917.84,917.84,2539.0,2,2,true,true,true,true,true,2
LNG,2026-04-01 02:07:00+08,280.77,280.78,280.42,280.53,16097.0,2,2,true,true,true,true,true,1
LNG,2026-04-01 02:07:00+08,280.88,280.885,280.88,280.885,3181.0,2,2,true,true,true,true,true,2
LOW,2026-04-01 02:07:00+08,236.13,236.18,236.13,236.18,1154.0,2,2,true,true,true,true,true,1
LOW,2026-04-01 02:07:00+08,236.22,236.4,236.22,236.4,1437.0,2,2,true,true,true,true,true,2
LPLA,2026-04-01 02:07:00+08,302.72,302.77,302.72,302.77,450.0,2,2,true,true,true,true,true,1
LPLA,2026-04-01 02:07:00+08,302.85,303.1,302.85,303.1,537.0,2,2,true,true,true,true,true,2
LQD,2026-04-01 01:58:00+08,108.87,108.875,108.86,108.865,134541.0,2,2,false,true,true,true,true,1
LQD,2026-04-01 01:58:00+08,108.87,108.88,108.87,108.87,108443.0,2,2,false,true,true,true,true,2
LRCX,2026-04-01 02:07:00+08,211.08,211.21,211.08,211.21,4582.0,2,2,true,true,true,true,true,1
LRCX,2026-04-01 02:07:00+08,211.1,211.31,211.1,211.29,5094.0,2,2,true,true,true,true,true,2
LTSRF,2026-04-01 05:27:00+08,0.88455,0.88455,0.88455,0.88455,19766.0,3,3,true,true,true,true,true,1
LTSRF,2026-04-01 05:27:00+08,0.9075,0.9075,0.9075,0.9075,1000.0,3,3,true,true,true,true,true,2
LTSRF,2026-04-01 05:27:00+08,0.92,0.92,0.92,0.92,1200.0,3,3,true,true,true,true,true,3
LUV,2026-04-01 02:07:00+08,37.48,37.56,37.48,37.56,8399.0,2,2,true,true,true,true,true,1
LUV,2026-04-01 02:07:00+08,37.49,37.49,37.47,37.47,7000.0,2,2,true,true,true,true,true,2
LVS,2026-04-01 02:07:00+08,53.43,53.43,53.43,53.43,1294.0,2,2,true,true,true,true,true,1
LVS,2026-04-01 02:07:00+08,53.45,53.5,53.45,53.5,4666.0,2,2,true,true,true,true,true,2
LYB,2026-04-01 02:07:00+08,79.57,79.59,79.51,79.59,9397.0,2,2,true,true,true,true,true,1
LYB,2026-04-01 02:07:00+08,79.575,79.715,79.575,79.715,4692.0,2,2,true,true,true,true,true,2
LYV,2026-04-01 02:07:00+08,153.6,153.63,153.59,153.61,6740.0,2,2,true,true,true,true,true,1
LYV,2026-04-01 02:07:00+08,153.685,153.685,153.685,153.685,2422.0,2,2,true,true,true,true,true,2
MA,2026-04-01 02:07:00+08,499.34,499.36,499.34,499.36,806.0,2,2,true,true,true,true,true,1
MA,2026-04-01 02:07:00+08,499.4,499.6,499.37,499.6,3158.0,2,2,true,true,true,true,true,2
MCD,2026-04-01 02:07:00+08,309.97,310.07,309.89,310.07,5023.0,2,2,true,true,true,true,true,1
MCD,2026-04-01 02:07:00+08,310.02,310.02,310.02,310.02,806.0,2,2,true,true,true,true,true,2
MCHP,2026-04-01 02:07:00+08,64.16,64.2,64.16,64.195,7175.0,2,2,true,true,true,true,true,1
MCHP,2026-04-01 02:07:00+08,64.19,64.26,64.19,64.26,4471.0,2,2,true,true,true,true,true,2
MCK,2026-04-01 02:07:00+08,858.01,858.01,858.0,858.0,692.0,2,2,true,true,true,true,true,1
MCK,2026-04-01 02:07:00+08,858.29,858.29,858.22,858.22,434.0,2,2,true,true,true,true,true,2
MDB,2026-04-01 02:07:00+08,243.06,243.16,243.06,243.16,1774.0,2,2,true,true,true,true,true,1
MDB,2026-04-01 02:07:00+08,243.35,243.375,243.35,243.37,796.0,2,2,true,true,true,true,true,2
MDLZ,2026-04-01 02:07:00+08,57.12,57.13,57.11,57.13,7413.0,2,2,false,true,true,true,true,1
MDLZ,2026-04-01 02:07:00+08,57.12,57.14,57.12,57.125,2526.0,2,2,false,true,true,true,true,2
MDT,2026-04-01 02:07:00+08,86.07,86.07,86.05,86.06,3343.0,2,2,true,true,true,true,true,1
MDT,2026-04-01 02:07:00+08,86.08,86.08,86.08,86.08,1893.0,2,2,true,true,true,true,true,2
MET,2026-04-01 02:07:00+08,70.13,70.13,70.13,70.13,1115.0,2,2,false,true,false,true,true,1
MET,2026-04-01 02:07:00+08,70.13,70.18,70.13,70.18,2606.0,2,2,false,true,false,true,true,2
META,2026-04-01 01:15:00+08,570.22,570.89,570.14,570.73,56606.0,2,2,true,true,true,true,true,1
META,2026-04-01 01:15:00+08,570.77,571.39,570.71,571.24,70496.0,2,2,true,true,true,true,true,2
META,2026-04-01 01:53:00+08,569.7,569.85,569.48,569.55,25233.0,2,2,true,true,true,true,true,1
META,2026-04-01 01:53:00+08,570.0,570.0,569.66,569.66,7822.0,2,2,true,true,true,true,true,2
META,2026-04-01 02:07:00+08,568.94,569.44,568.94,569.4,9459.0,2,2,true,true,true,true,true,1
META,2026-04-01 02:07:00+08,569.3,569.68,569.14,569.535,30185.0,2,2,true,true,true,true,true,2
MKC,2026-04-01 02:07:00+08,50.595,50.65,50.59,50.65,5856.0,2,2,true,true,true,true,true,1
MKC,2026-04-01 02:07:00+08,50.62,50.64,50.6,50.6,6226.0,2,2,true,true,true,true,true,2
MNST,2026-04-01 02:07:00+08,71.72,71.72,71.71,71.71,1992.0,2,2,true,true,true,true,true,1
MNST,2026-04-01 02:07:00+08,71.725,71.725,71.725,71.725,467.0,2,2,true,true,true,true,true,2
MO,2026-04-01 02:07:00+08,66.08,66.08,66.045,66.08,8485.0,2,2,true,true,true,true,true,1
MO,2026-04-01 02:07:00+08,66.11,66.11,66.08,66.085,7973.0,2,2,true,true,true,true,true,2
MOS,2026-04-01 02:20:00+08,25.435,25.455,25.435,25.455,1817.0,2,2,true,true,false,true,true,1
MOS,2026-04-01 02:20:00+08,25.45,25.45,25.435,25.435,5754.0,2,2,true,true,false,true,true,2
MRK,2026-04-01 02:07:00+08,119.99,119.99,119.93,119.98,3852.0,2,2,true,true,true,true,true,1
MRK,2026-04-01 02:07:00+08,120.02,120.03,120.01,120.02,8601.0,2,2,true,true,true,true,true,2
MRNA,2026-04-01 02:07:00+08,50.13,50.21,50.08,50.21,16804.0,2,2,true,true,true,true,true,1
MRNA,2026-04-01 02:07:00+08,50.17,50.19,50.155,50.18,6659.0,2,2,true,true,true,true,true,2
MRVL,2026-04-01 02:07:00+08,98.94,99.03,98.93,99.0,21186.0,2,2,true,true,true,true,true,1
MRVL,2026-04-01 02:07:00+08,98.98,99.07,98.96,99.07,24086.0,2,2,true,true,true,true,true,2
MS,2026-04-01 02:07:00+08,164.51,164.555,164.51,164.555,8213.0,2,2,true,true,true,true,true,1
MS,2026-04-01 02:07:00+08,164.54,164.61,164.53,164.585,3441.0,2,2,true,true,true,true,true,2
MSFT,2026-04-01 01:48:00+08,368.74,368.76,368.68,368.68,6724.0,2,2,true,true,true,true,true,1
MSFT,2026-04-01 01:48:00+08,368.78,368.88,368.7,368.7,28412.0,2,2,true,true,true,true,true,2
MSFT,2026-04-01 02:07:00+08,369.0,369.23,368.98,369.22,18561.0,2,2,true,true,true,false,true,1
MSFT,2026-04-01 02:07:00+08,369.22,369.31,369.11,369.22,20949.0,2,2,true,true,true,false,true,2
MSFT,2026-04-01 04:15:00+08,370.5,370.5,370.5,370.5,178.0,2,2,true,true,false,true,true,1
MSFT,2026-04-01 04:15:00+08,370.51,370.69,370.5,370.69,1905.0,2,2,true,true,false,true,true,2
MSFU,2026-04-01 04:15:00+08,23.05,23.05,23.05,23.05,236.0,2,2,true,true,true,true,true,1
MSFU,2026-04-01 04:15:00+08,23.07,23.07,23.07,23.07,5574.0,2,2,true,true,true,true,true,2
MSI,2026-04-01 02:07:00+08,432.5,432.5,432.37,432.37,1009.0,2,2,true,true,true,true,true,1
MSI,2026-04-01 02:07:00+08,432.635,432.635,432.635,432.635,530.0,2,2,true,true,true,true,true,2
MSTR,2026-04-01 02:07:00+08,122.58,122.74,122.54,122.66,16754.0,2,2,true,true,true,true,true,1
MSTR,2026-04-01 02:07:00+08,122.61,122.64,122.52,122.62,12718.0,2,2,true,true,true,true,true,2
MSTR,2026-04-01 04:15:00+08,125.23,125.23,125.23,125.23,270.0,2,2,true,true,false,false,true,1
MSTR,2026-04-01 04:15:00+08,125.29,125.3,125.23,125.23,2332.0,2,2,true,true,false,false,true,2
MTB,2026-04-01 02:07:00+08,207.47,207.54,207.4,207.54,3676.0,2,2,true,true,true,true,true,1
MTB,2026-04-01 02:07:00+08,207.52,207.52,207.52,207.52,449.0,2,2,true,true,true,true,true,2
MTMCF,2026-03-31 21:30:00+08,0.39,0.39,0.39,0.39,675.0,4,4,true,true,true,true,true,1
MTMCF,2026-03-31 21:30:00+08,0.39,0.39,0.39,0.39,1000.0,4,4,true,true,true,true,true,2
MTMCF,2026-03-31 21:30:00+08,0.39,0.42,0.39,0.42,20077.0,4,4,true,true,true,true,true,3
MTMCF,2026-03-31 21:30:00+08,0.42,0.42,0.42,0.42,15602.0,4,4,true,true,true,true,true,4
MTMCF,2026-03-31 21:32:00+08,0.42,0.42,0.416,0.42,4801.0,2,2,false,false,true,false,true,1
MTMCF,2026-03-31 21:32:00+08,0.42,0.42,0.42,0.42,351.0,2,2,false,false,true,false,true,2
MTMCF,2026-03-31 22:54:00+08,0.42,0.42,0.4176,0.4176,111830.0,2,2,false,false,true,true,true,1
MTMCF,2026-03-31 22:54:00+08,0.42,0.42,0.42,0.42,91830.0,2,2,false,false,true,true,true,2
MTMCF,2026-04-01 00:47:00+08,0.41,0.41,0.41,0.41,10000.0,2,2,false,true,false,true,true,1
MTMCF,2026-04-01 00:47:00+08,0.41,0.413,0.41,0.413,15000.0,2,2,false,true,false,true,true,2
MTMCF,2026-04-01 04:43:00+08,0.41,0.41,0.41,0.41,5000.0,2,2,false,false,false,false,true,1
MTMCF,2026-04-01 04:43:00+08,0.41,0.41,0.41,0.41,10000.0,2,2,false,false,false,false,true,2
MTMCF,2026-04-01 05:27:00+08,0.39,0.39,0.39,0.39,675.0,2,2,true,true,true,true,true,1
MTMCF,2026-04-01 05:27:00+08,0.42,0.42,0.42,0.42,351.0,2,2,true,true,true,true,true,2
MTMCF,2026-04-01 05:28:00+08,0.39,0.39,0.39,0.39,1000.0,3,2,true,true,true,true,false,1
MTMCF,2026-04-01 05:28:00+08,0.41,0.41,0.41,0.41,1000.0,3,2,true,true,true,true,false,2
MTMCF,2026-04-01 05:28:00+08,0.41,0.41,0.41,0.41,1000.0,3,2,true,true,true,true,false,3
MTMCF,2026-04-01 05:29:00+08,0.4,0.4,0.4,0.4,6000.0,3,3,true,true,true,true,true,1
MTMCF,2026-04-01 05:29:00+08,0.4001,0.4001,0.4001,0.4001,7228.0,3,3,true,true,true,true,true,2
MTMCF,2026-04-01 05:29:00+08,0.41,0.41,0.41,0.41,5000.0,3,3,true,true,true,true,true,3
MTMCF,2026-04-01 05:30:00+08,0.40755,0.40755,0.40755,0.40755,15000.0,4,4,true,true,true,true,true,1
MTMCF,2026-04-01 05:30:00+08,0.4125,0.4125,0.4125,0.4125,10500.0,4,4,true,true,true,true,true,2
MTMCF,2026-04-01 05:30:00+08,0.42,0.42,0.42,0.42,15602.0,4,4,true,true,true,true,true,3
MTMCF,2026-04-01 05:30:00+08,0.42,0.42,0.42,0.42,91830.0,4,4,true,true,true,true,true,4
MTSI,2026-04-01 02:07:00+08,219.26,219.26,219.26,219.26,1236.0,2,2,true,true,true,true,true,1
MTSI,2026-04-01 02:07:00+08,219.3,219.3,219.3,219.3,271.0,2,2,true,true,true,true,true,2
MU,2026-04-01 02:07:00+08,325.965,326.785,325.955,326.5,75352.0,2,2,true,true,true,true,true,1
MU,2026-04-01 02:07:00+08,326.01,326.18,325.85,326.1,29607.0,2,2,true,true,true,true,true,2
MU,2026-04-01 02:56:00+08,331.815,331.87,331.66,331.835,31695.0,2,2,true,true,true,true,true,1
MU,2026-04-01 02:56:00+08,332.02,332.06,331.65,331.86,53989.0,2,2,true,true,true,true,true,2
MU,2026-04-01 03:39:00+08,336.63,336.76,336.54,336.67,61649.0,3,3,true,true,true,true,true,1
MU,2026-04-01 03:39:00+08,336.63,336.84,336.63,336.82,16041.0,3,3,true,true,true,true,true,2
MU,2026-04-01 03:39:00+08,336.83,336.83,336.65,336.65,9331.0,3,3,true,true,true,true,true,3
MU,2026-04-01 03:40:00+08,336.38,336.74,336.18,336.38,104210.0,2,2,true,true,true,true,true,1
MU,2026-04-01 03:40:00+08,336.65,336.65,336.33,336.44,38294.0,2,2,true,true,true,true,true,2
MU,2026-04-01 04:11:00+08,339.23,339.23,339.23,339.23,10363.0,2,2,true,true,true,true,true,1
MU,2026-04-01 04:11:00+08,339.63,339.63,339.35,339.35,7665.0,2,2,true,true,true,true,true,2
MU,2026-04-01 04:15:00+08,338.7,338.7,338.65,338.7,4617.0,2,2,false,false,true,false,true,1
MU,2026-04-01 04:15:00+08,338.7,338.7,338.7,338.7,230.0,2,2,false,false,true,false,true,2
NEE,2026-04-01 02:07:00+08,92.375,92.375,92.32,92.36,8554.0,2,2,true,true,true,true,true,1
NEE,2026-04-01 02:07:00+08,92.38,92.39,92.38,92.38,6899.0,2,2,true,true,true,true,true,2
NEM,2026-04-01 02:07:00+08,107.59,107.65,107.59,107.65,6104.0,2,2,true,true,true,true,true,1
NEM,2026-04-01 02:07:00+08,107.65,107.76,107.61,107.76,8094.0,2,2,true,true,true,true,true,2
NET,2026-04-01 02:07:00+08,204.69,204.74,204.57,204.57,2961.0,2,2,true,true,true,true,true,1
NET,2026-04-01 02:07:00+08,204.79,204.79,204.71,204.73,2420.0,2,2,true,true,true,true,true,2
NFLX,2026-04-01 02:07:00+08,96.095,96.15,96.095,96.14,38466.0,2,2,true,true,true,true,true,1
NFLX,2026-04-01 02:07:00+08,96.14,96.205,96.14,96.19,61791.0,2,2,true,true,true,true,true,2
NFLX,2026-04-01 04:15:00+08,96.16,96.19,96.16,96.19,46.0,2,2,true,true,true,false,true,1
NFLX,2026-04-01 04:15:00+08,96.19,96.2,96.18,96.19,994.0,2,2,true,true,true,false,true,2
NI,2026-04-01 02:07:00+08,46.36,46.36,46.31,46.32,3827.0,2,2,true,true,true,true,true,1
NI,2026-04-01 02:07:00+08,46.37,46.37,46.37,46.37,2623.0,2,2,true,true,true,true,true,2
NKE,2026-04-01 02:07:00+08,52.6,52.615,52.595,52.615,11433.0,2,2,true,true,true,true,true,1
NKE,2026-04-01 02:07:00+08,52.61,52.66,52.605,52.66,11449.0,2,2,true,true,true,true,true,2
NKE,2026-04-01 04:15:00+08,52.08,53.4,52.08,52.51,130573.0,2,2,true,true,true,true,true,1
NKE,2026-04-01 04:15:00+08,53.02,53.02,51.78,51.84,66738.0,2,2,true,true,true,true,true,2
NOW,2026-04-01 02:07:00+08,104.57,104.65,104.57,104.64,4463.0,2,2,true,true,true,true,true,1
NOW,2026-04-01 02:07:00+08,104.64,104.73,104.64,104.72,6689.0,2,2,true,true,true,true,true,2
NRG,2026-04-01 02:07:00+08,143.925,144.0,143.925,144.0,2073.0,2,2,true,true,true,true,true,1
NRG,2026-04-01 02:07:00+08,143.99,143.99,143.99,143.99,1106.0,2,2,true,true,true,true,true,2
NSC,2026-04-01 02:07:00+08,286.0,286.38,286.0,286.38,4740.0,2,2,true,true,true,true,true,1
NSC,2026-04-01 02:07:00+08,286.14,286.15,286.01,286.01,2044.0,2,2,true,true,true,true,true,2
NTAP,2026-04-01 02:07:00+08,101.5,101.5,101.5,101.5,468.0,2,2,true,true,true,true,true,1
NTAP,2026-04-01 02:07:00+08,101.575,101.58,101.575,101.58,2499.0,2,2,true,true,true,true,true,2
NVDA,2026-04-01 02:07:00+08,172.885,172.98,172.885,172.94,85570.0,2,2,true,true,true,true,true,1
NVDA,2026-04-01 02:07:00+08,172.94,173.09,172.935,173.04,117279.0,2,2,true,true,true,true,true,2
NVDA,2026-04-01 03:33:00+08,174.0,174.11,173.945,174.11,217611.0,2,2,true,true,false,true,true,1
NVDA,2026-04-01 03:33:00+08,174.04,174.05,173.945,174.0,147202.0,2,2,true,true,false,true,true,2
NVDA,2026-04-01 04:12:00+08,174.7,174.7,174.65,174.65,7094.0,2,2,true,true,true,true,true,1
NVDA,2026-04-01 04:12:00+08,174.71,174.72,174.69,174.69,3851.0,2,2,true,true,true,true,true,2
NVNXF,2026-04-01 02:03:00+08,0.16,0.16,0.16,0.16,3010.0,3,3,false,false,false,false,true,1
NVNXF,2026-04-01 02:03:00+08,0.16,0.16,0.16,0.16,5000.0,3,3,false,false,false,false,true,2
NVNXF,2026-04-01 02:03:00+08,0.16,0.16,0.16,0.16,8010.0,3,3,false,false,false,false,true,3
NVNXF,2026-04-01 05:32:00+08,0.16,0.16,0.16,0.16,3010.0,2,2,false,false,false,false,true,1
NVNXF,2026-04-01 05:32:00+08,0.16,0.16,0.16,0.16,5000.0,2,2,false,false,false,false,true,2
NVST,2026-04-01 02:56:00+08,25.52,25.54,25.5,25.52,171841.0,2,2,true,true,true,true,true,1
NVST,2026-04-01 02:56:00+08,25.53,25.53,25.51,25.51,2186.0,2,2,true,true,true,true,true,2
NVT,2026-04-01 02:07:00+08,117.22,117.22,117.22,117.22,2372.0,2,2,true,true,true,true,true,1
NVT,2026-04-01 02:07:00+08,117.35,117.36,117.35,117.36,1929.0,2,2,true,true,true,true,true,2
NWS,2026-04-01 02:07:00+08,28.96,28.97,28.96,28.97,3717.0,2,2,true,true,true,true,true,1
NWS,2026-04-01 02:07:00+08,28.965,28.965,28.965,28.965,430.0,2,2,true,true,true,true,true,2
NXPI,2026-04-01 02:07:00+08,196.41,196.41,196.41,196.41,714.0,2,2,true,true,true,true,true,1
NXPI,2026-04-01 02:07:00+08,196.5,196.53,196.5,196.53,2194.0,2,2,true,true,true,true,true,2
O,2026-04-01 02:07:00+08,61.12,61.12,61.09,61.11,4478.0,2,2,true,true,true,true,true,1
O,2026-04-01 02:07:00+08,61.145,61.145,61.13,61.13,4123.0,2,2,true,true,true,true,true,2
OHI,2026-04-01 02:07:00+08,44.03,44.03,44.005,44.01,2035.0,2,2,true,true,true,true,true,1
OHI,2026-04-01 02:07:00+08,44.07,44.07,44.04,44.04,1966.0,2,2,true,true,true,true,true,2
OKE,2026-04-01 02:07:00+08,89.58,89.58,89.505,89.56,2431.0,2,2,true,true,true,true,true,1
OKE,2026-04-01 02:07:00+08,89.71,89.71,89.63,89.63,4133.0,2,2,true,true,true,true,true,2
OKTA,2026-04-01 02:07:00+08,78.55,78.59,78.55,78.59,2341.0,2,2,true,true,true,true,true,1
OKTA,2026-04-01 02:07:00+08,78.61,78.61,78.61,78.61,1559.0,2,2,true,true,true,true,true,2
OLYMY,2026-04-01 03:59:00+08,9.53,9.53,9.53,9.53,6848.0,2,2,false,false,false,false,true,1
OLYMY,2026-04-01 03:59:00+08,9.53,9.53,9.53,9.53,6910.0,2,2,false,false,false,false,true,2
OMC,2026-04-01 02:07:00+08,76.08,76.11,76.08,76.11,3078.0,2,2,true,true,true,true,true,1
OMC,2026-04-01 02:07:00+08,76.095,76.18,76.095,76.18,3407.0,2,2,true,true,true,true,true,2
ON,2026-04-01 02:07:00+08,61.02,61.07,61.02,61.05,2735.0,2,2,true,true,true,true,true,1
ON,2026-04-01 02:07:00+08,61.07,61.13,61.07,61.13,5073.0,2,2,true,true,true,true,true,2
ORCL,2026-04-01 02:07:00+08,145.5,145.55,145.5,145.53,13571.0,2,2,true,true,true,true,true,1
ORCL,2026-04-01 02:07:00+08,145.51,145.69,145.51,145.66,18612.0,2,2,true,true,true,true,true,2
ORCL,2026-04-01 03:56:00+08,146.74,146.82,146.66,146.76,91443.0,2,2,true,true,true,true,true,1
ORCL,2026-04-01 03:56:00+08,146.76,146.81,146.71,146.79,49113.0,2,2,true,true,true,true,true,2
ORLY,2026-04-01 02:07:00+08,92.3,92.35,92.3,92.34,6159.0,2,2,true,true,true,true,true,1
ORLY,2026-04-01 02:07:00+08,92.35,92.355,92.32,92.33,6602.0,2,2,true,true,true,true,true,2
OTIS,2026-04-01 02:07:00+08,76.78,76.8,76.78,76.8,1461.0,2,2,true,true,true,true,true,1
OTIS,2026-04-01 02:07:00+08,76.81,76.82,76.81,76.81,1813.0,2,2,true,true,true,true,true,2
OVV,2026-04-01 02:07:00+08,58.54,58.54,58.48,58.52,7532.0,2,2,true,true,true,true,true,1
OVV,2026-04-01 02:07:00+08,58.68,58.68,58.59,58.59,17461.0,2,2,true,true,true,true,true,2
OXY,2026-04-01 02:07:00+08,63.985,63.99,63.9,63.93,31308.0,2,2,true,true,true,true,true,1
OXY,2026-04-01 02:07:00+08,64.03,64.055,63.99,63.99,11753.0,2,2,true,true,true,true,true,2
PANW,2026-04-01 02:07:00+08,160.15,160.21,160.15,160.21,2735.0,2,2,true,true,true,true,true,1
PANW,2026-04-01 02:07:00+08,160.26,160.31,160.26,160.31,4232.0,2,2,true,true,true,true,true,2
PEG,2026-04-01 02:07:00+08,80.54,80.55,80.52,80.52,2504.0,2,2,true,true,true,true,true,1
PEG,2026-04-01 02:07:00+08,80.59,80.59,80.565,80.565,564.0,2,2,true,true,true,true,true,2
PEP,2026-04-01 02:07:00+08,155.25,155.25,155.24,155.24,1309.0,2,2,false,true,true,true,true,1
PEP,2026-04-01 02:07:00+08,155.25,155.29,155.22,155.29,3716.0,2,2,false,true,true,true,true,2
PFE,2026-04-01 02:07:00+08,27.895,27.895,27.885,27.885,37793.0,2,2,false,true,true,true,true,1
PFE,2026-04-01 02:07:00+08,27.895,27.9,27.895,27.895,6101.0,2,2,false,true,true,true,true,2
PG,2026-04-01 02:07:00+08,143.31,143.36,143.29,143.36,4432.0,2,2,true,false,true,true,true,1
PG,2026-04-01 02:07:00+08,143.36,143.36,143.33,143.33,4041.0,2,2,true,false,true,true,true,2
PLD,2026-04-01 02:07:00+08,132.36,132.36,132.25,132.26,9668.0,2,2,false,false,true,true,true,1
PLD,2026-04-01 02:07:00+08,132.36,132.36,132.36,132.36,3059.0,2,2,false,false,true,true,true,2
PLTR,2026-04-01 02:07:00+08,145.695,145.78,145.695,145.755,19431.0,2,2,true,true,true,true,true,1
PLTR,2026-04-01 02:07:00+08,145.755,145.79,145.725,145.74,26492.0,2,2,true,true,true,true,true,2
PLTR,2026-04-01 04:10:00+08,146.55,146.55,146.55,146.55,1968.0,2,2,true,true,true,true,true,1
PLTR,2026-04-01 04:10:00+08,146.58,146.58,146.58,146.58,270.0,2,2,true,true,true,true,true,2
PLUG,2026-04-01 03:08:00+08,2.24,2.24,2.24,2.24,2695.0,2,2,true,true,true,true,true,1
PLUG,2026-04-01 03:08:00+08,2.245,2.245,2.245,2.245,33726.0,2,2,true,true,true,true,true,2
PNC,2026-04-01 02:07:00+08,207.46,207.46,207.46,207.46,4084.0,2,2,false,true,false,true,true,1
PNC,2026-04-01 02:07:00+08,207.46,207.49,207.46,207.49,2209.0,2,2,false,true,false,true,true,2
PR,2026-04-01 02:07:00+08,21.15,21.15,21.13,21.135,8569.0,2,2,true,true,true,true,true,1
PR,2026-04-01 02:07:00+08,21.17,21.17,21.155,21.155,6349.0,2,2,true,true,true,true,true,2
PSQ,2026-04-01 04:15:00+08,32.16,32.16,32.16,32.16,394.0,2,2,true,true,true,true,true,1
PSQ,2026-04-01 04:15:00+08,32.17,32.17,32.17,32.17,1338.0,2,2,true,true,true,true,true,2
PSTG,2026-04-01 02:07:00+08,58.65,58.68,58.65,58.68,1902.0,2,2,true,true,true,true,true,1
PSTG,2026-04-01 02:07:00+08,58.69,58.74,58.69,58.74,4138.0,2,2,true,true,true,true,true,2
PSX,2026-04-01 02:07:00+08,179.81,179.82,179.635,179.8,10292.0,2,2,true,true,true,true,true,1
PSX,2026-04-01 02:07:00+08,179.94,179.94,179.87,179.89,3550.0,2,2,true,true,true,true,true,2
PWR,2026-04-01 02:07:00+08,547.97,547.97,547.97,547.97,527.0,2,2,true,true,true,true,true,1
PWR,2026-04-01 02:07:00+08,548.19,548.68,548.05,548.51,2040.0,2,2,true,true,true,true,true,2
PYPL,2026-04-01 02:07:00+08,45.21,45.225,45.21,45.22,9383.0,2,2,true,true,true,true,true,1
PYPL,2026-04-01 02:07:00+08,45.23,45.25,45.225,45.24,13386.0,2,2,true,true,true,true,true,2
QCOM,2026-04-01 02:07:00+08,128.33,128.35,128.31,128.31,3382.0,2,2,true,true,true,true,true,1
QCOM,2026-04-01 02:07:00+08,128.37,128.37,128.37,128.37,2041.0,2,2,true,true,true,true,true,2
QIMCF,2026-04-01 00:12:00+08,0.711,0.719831,0.711,0.719831,1223.0,2,2,true,false,true,false,true,1
QIMCF,2026-04-01 00:12:00+08,0.719831,0.719831,0.719831,0.719831,198.0,2,2,true,false,true,false,true,2
QQQ,2026-04-01 01:16:00+08,575.5,575.8,575.41,575.7,103239.0,2,2,true,true,true,true,true,1
QQQ,2026-04-01 01:16:00+08,575.69,575.86,575.255,575.47,187360.0,2,2,true,true,true,true,true,2
QQQ,2026-04-01 04:10:00+08,577.27,577.66,577.24,577.58,34129.0,2,2,true,true,true,true,true,1
QQQ,2026-04-01 04:10:00+08,577.41,577.41,577.3,577.3,1289.0,2,2,true,true,true,true,true,2
QQQ,2026-04-01 04:15:00+08,577.4,577.59,577.37,577.58,4760.0,2,2,true,true,true,true,true,1
QQQ,2026-04-01 04:15:00+08,577.59,577.8,577.59,577.69,17812.0,2,2,true,true,true,true,true,2
QQQI,2026-04-01 01:31:00+08,49.51,49.53,49.51,49.53,23388.0,2,2,true,true,true,true,true,1
QQQI,2026-04-01 01:31:00+08,49.52,49.55,49.52,49.55,2340.0,2,2,true,true,true,true,true,2
RJF,2026-04-01 02:07:00+08,144.07,144.07,144.07,144.07,662.0,2,2,true,true,false,false,true,1
RJF,2026-04-01 02:07:00+08,144.15,144.15,144.07,144.07,956.0,2,2,true,true,false,false,true,2
RKLB,2026-04-01 03:33:00+08,63.87,63.87,63.72,63.73,65621.0,2,2,true,true,true,true,true,1
RKLB,2026-04-01 03:33:00+08,63.89,63.995,63.88,63.88,27047.0,2,2,true,true,true,true,true,2
RKLX,2026-04-01 04:15:00+08,25.57,25.57,25.57,25.57,267.0,2,2,true,true,true,true,true,1
RKLX,2026-04-01 04:15:00+08,25.64,25.64,25.64,25.64,893.0,2,2,true,true,true,true,true,2
RNMBY,2026-03-31 22:46:00+08,333.17,333.615,333.17,333.615,26.0,2,2,true,true,true,true,true,1
RNMBY,2026-03-31 22:46:00+08,333.484,333.484,333.32,333.32,6.0,2,2,true,true,true,true,true,2
SATS,2026-04-01 03:39:00+08,119.28,119.36,119.23,119.345,16916.0,2,2,true,true,true,true,true,1
SATS,2026-04-01 03:39:00+08,119.31,119.31,119.26,119.28,2235.0,2,2,true,true,true,true,true,2
SCCR,2026-04-01 02:07:00+08,25.66,25.66,25.66,25.66,200.0,2,2,true,true,true,true,true,1
SCCR,2026-04-01 02:07:00+08,25.665,25.665,25.665,25.665,400.0,2,2,true,true,true,true,true,2
SDOW,2026-04-01 04:15:00+08,35.11,35.12,35.11,35.12,2774.0,2,2,true,false,true,true,true,1
SDOW,2026-04-01 04:15:00+08,35.12,35.12,35.1,35.1,4503.0,2,2,true,false,true,true,true,2
SHW,2026-04-01 02:07:00+08,320.61,321.14,320.61,320.87,9048.0,2,2,true,true,true,true,true,1
SHW,2026-04-01 02:07:00+08,320.72,320.84,320.68,320.83,1438.0,2,2,true,true,true,true,true,2
SNDK,2026-04-01 04:10:00+08,638.2,638.39,637.85,638.39,3109.0,2,2,true,true,true,true,true,1
SNDK,2026-04-01 04:10:00+08,638.45,638.45,638.45,638.45,917.0,2,2,true,true,true,true,true,2
SPXU,2026-04-01 04:15:00+08,56.6,56.6,56.6,56.6,1201.0,2,2,true,true,true,true,true,1
SPXU,2026-04-01 04:15:00+08,56.68,56.68,56.66,56.66,1250.0,2,2,true,true,true,true,true,2
SPY,2026-04-01 04:15:00+08,650.25,650.3,650.25,650.3,705.0,2,2,true,true,true,true,true,1
SPY,2026-04-01 04:15:00+08,650.44,650.68,650.44,650.6,17013.0,2,2,true,true,true,true,true,2
SPY,2026-04-01 04:26:00+08,650.66,650.68,650.66,650.68,2715.0,2,2,true,true,true,true,true,1
SPY,2026-04-01 04:26:00+08,650.83,650.84,650.67,650.67,27485.0,2,2,true,true,true,true,true,2
SPY,2026-04-01 04:35:00+08,650.7,650.73,650.7,650.71,2318.0,2,2,true,true,true,false,true,1
SPY,2026-04-01 04:35:00+08,650.72,650.75,650.71,650.71,30233.0,2,2,true,true,true,false,true,2
SPYM,2026-04-01 04:15:00+08,76.55,76.55,76.55,76.55,676.0,2,2,true,true,true,true,true,1
SPYM,2026-04-01 04:15:00+08,76.56,76.57,76.56,76.57,1366.0,2,2,true,true,true,true,true,2
SQQQ,2026-04-01 04:15:00+08,80.25,80.25,80.18,80.19,16111.0,2,2,true,true,true,true,true,1
SQQQ,2026-04-01 04:15:00+08,80.34,80.34,80.26,80.26,423.0,2,2,true,true,true,true,true,2
SSO,2026-04-01 04:15:00+08,51.9,51.9,51.9,51.9,100.0,2,2,true,true,true,true,true,1
SSO,2026-04-01 04:15:00+08,51.93,51.93,51.93,51.93,822.0,2,2,true,true,true,true,true,2
STWD,2026-04-01 03:45:00+08,17.235,17.24,17.235,17.24,5590.0,2,2,true,true,true,true,true,1
STWD,2026-04-01 03:45:00+08,17.25,17.255,17.25,17.255,5757.0,2,2,true,true,true,true,true,2
TCEHY,2026-03-31 22:49:00+08,61.93,61.9567,61.92,61.92,10231.0,2,2,true,true,true,true,true,1
TCEHY,2026-03-31 22:49:00+08,61.946,61.99,61.946,61.99,1258.0,2,2,true,true,true,true,true,2
TDG,2026-04-01 02:07:00+08,1154.985,1154.985,1154.985,1154.985,71.0,2,2,false,true,false,true,true,1
TDG,2026-04-01 02:07:00+08,1154.985,1155.01,1154.985,1155.01,277.0,2,2,false,true,false,true,true,2
TERCF,2026-03-31 23:33:00+08,0.0655,0.0655,0.0655,0.0655,2500.0,3,3,true,true,true,true,true,1
TERCF,2026-03-31 23:33:00+08,0.0655,0.071,0.0655,0.071,80000.0,3,3,true,true,true,true,true,2
TERCF,2026-03-31 23:33:00+08,0.071,0.071,0.071,0.071,77500.0,3,3,true,true,true,true,true,3
TERCF,2026-04-01 05:33:00+08,0.0655,0.0655,0.0655,0.0655,2500.0,3,3,true,true,true,true,true,1
TERCF,2026-04-01 05:33:00+08,0.071,0.071,0.071,0.071,77500.0,3,3,true,true,true,true,true,2
TERCF,2026-04-01 05:33:00+08,0.0723,0.0723,0.0723,0.0723,2500.0,3,3,true,true,true,true,true,3
TQQQ,2026-04-01 03:39:00+08,41.69,41.7,41.69,41.7,26891.0,2,2,true,true,false,true,true,1
TQQQ,2026-04-01 03:39:00+08,41.705,41.72,41.69,41.709,89874.0,2,2,true,true,false,true,true,2
TQQQ,2026-04-01 04:15:00+08,41.75,41.79,41.75,41.79,16240.0,2,2,true,true,true,true,true,1
TQQQ,2026-04-01 04:15:00+08,41.8,41.83,41.8,41.82,26820.0,2,2,true,true,true,true,true,2
TQQQ,2026-04-01 05:08:00+08,41.66,41.66,41.66,41.66,1631.0,2,2,true,true,true,true,true,1
TQQQ,2026-04-01 05:08:00+08,41.67,41.67,41.67,41.67,9730.0,2,2,true,true,true,true,true,2
TSLA,2026-04-01 04:15:00+08,372.6,372.6,372.6,372.6,406.0,2,2,true,true,true,true,true,1
TSLA,2026-04-01 04:15:00+08,372.66,372.74,372.58,372.58,2848.0,2,2,true,true,true,true,true,2
TSLA,2026-04-01 04:53:00+08,372.6,372.6,372.6,372.6,851.0,2,2,true,true,false,false,true,1
TSLA,2026-04-01 04:53:00+08,372.61,372.64,372.6,372.6,1982.0,2,2,true,true,false,false,true,2
VIK,2026-04-01 02:07:00+08,73.14,73.14,73.13,73.13,3087.0,2,2,true,true,true,true,true,1
VIK,2026-04-01 02:07:00+08,73.15,73.18,73.15,73.18,4069.0,2,2,true,true,true,true,true,2
VRSN,2026-04-01 02:07:00+08,247.13,247.27,247.13,247.18,8712.0,2,2,true,true,true,true,true,1
VRSN,2026-04-01 02:07:00+08,247.22,247.22,246.94,247.0,1636.0,2,2,true,true,true,true,true,2
VTEB,2026-04-01 01:08:00+08,49.945,49.945,49.945,49.945,3886.0,2,2,false,false,false,false,true,1
VTEB,2026-04-01 01:08:00+08,49.945,49.945,49.945,49.945,4131.0,2,2,false,false,false,false,true,2
VV,2026-04-01 01:08:00+08,297.53,297.53,297.53,297.53,492.0,2,2,true,true,true,true,true,1
VV,2026-04-01 01:08:00+08,297.56,297.56,297.46,297.52,725.0,2,2,true,true,true,true,true,2
WAT,2026-04-01 02:07:00+08,297.1,297.37,297.08,297.235,1514.0,2,2,true,true,true,true,true,1
WAT,2026-04-01 02:07:00+08,297.14,297.16,297.105,297.16,873.0,2,2,true,true,true,true,true,2
WBS,2026-04-01 02:07:00+08,69.21,69.215,69.21,69.21,2996.0,2,2,false,true,false,true,true,1
WBS,2026-04-01 02:07:00+08,69.21,69.235,69.21,69.23,5023.0,2,2,false,true,false,true,true,2
WEC,2026-04-01 02:07:00+08,114.91,114.91,114.91,114.91,1184.0,2,2,true,true,true,true,true,1
WEC,2026-04-01 02:07:00+08,114.99,114.99,114.99,114.99,801.0,2,2,true,true,true,true,true,2
